ad_link,title,price,damage_condition,category,country_version,consumption,mileage,cubic_capacity,power,fuel,emission,num_owners,num_seats,door_count,transmission,emission_class,emssion_sticker,first_registration,hu,climatisation,construction_year,park_assist,airbag,manufacturer_color_name,color,interior,image_1,image_2,image_3,image_4,image_5,image_6,image_7,image_8,image_9,image_10,image_11,image_12,features,dealer_name,dealer_postal_code,dealer_city,dealer_address,dealer_phone,dealer_rating,dealer_quantity_ratings,publishing_date
https://suchen.mobile.de/fahrzeuge/details.html?id=291838424&adLimitation=ONLY_DEALER_ADS&categories=EstateCar&categories=Limousine&categories=OffRoad&categories=SmallCar&cn=DE&damageUnrepaired=NO_DAMAGE_UNREPAIRED&export=NO_EXPORT&features=FULL_SERVICE_HISTORY&features=NONSMOKER_VEHICLE&features=WARRANTY&fuels=PETROL&gn=Hannover%2C+Niedersachsen&isSearchRequest=true&ll=52.3720683%2C9.7356861&maxMileage=100000&maxPrice=150000&minFirstRegistrationDate=2010&pageNumber=1&rd=100&readyToDrive=ONLY_READY_TO_DRIVE&scopeId=C&sfmr=false&sortOption.sortBy=creationTime&sortOption.sortOrder=DESCENDING&usage=USED&withImage=true&searchId=418d2a35-91d8-778d-eeec-071fcd7b8258,Skoda Octavia Combi RS *Garantie bis 5 Jahre*,12.499 €,Unfallfrei,Kombi,,"ca. 7,7 l/100km (kombiniert)
ca. 10,4 l/100km (innerorts)
ca. 6,2 l/100km (außerorts)",96.052 km,1.984 cm³,147 kW (200 PS),Benzin,ca. 180 g/km (kombiniert),1,5,4/5,Automatik,Euro5,4 (Grün),12/2012,Neu,2-Zonen-Klimaautomatik,2012,Hinten,"Front-, Seiten- und weitere Airbags",Rallye-Grün Metallic,Grün Metallic,"Teilleder, Schwarz",https://i.ebayimg.com/00/s/MTA2N1gxNjAw/z/HycAAOSwiCFeIIDR/$_57.jpg,https://i.ebayimg.com/00/s/MTA2N1gxNjAw/z/ltIAAOSwerZeIIDL/$_57.jpg,https://i.ebayimg.com/00/s/MTA2N1gxNjAw/z/oZEAAOSwc5JeIIDV/$_57.jpg,https://i.ebayimg.com/00/s/MTA2N1gxNjAw/z/g-EAAOSwzwxeIIDZ/$_57.jpg,https://i.ebayimg.com/00/s/MTA2N1gxNjAw/z/z1sAAOSw-89eIIDH/$_57.jpg,https://i.ebayimg.com/00/s/MTA2N1gxNjAw/z/5pYAAOSwHr9eIIDd/$_57.jpg,https://i.ebayimg.com/00/s/MTA2N1gxNjAw/z/GhAAAOSwpJReIIDo/$_57.jpg,https://i.ebayimg.com/00/s/MTA2N1gxNjAw/z/fbsAAOSwB5NeIIDt/$_57.jpg,https://i.ebayimg.com/00/s/MTA2N1gxNjAw/z/fbsAAOSwB5NeIIDt/$_57.jpg,https://i.ebayimg.com/00/s/MTA2N1gxNjAw/z/CTwAAOSwk09eIID1/$_57.jpg,https://i.ebayimg.com/00/s/MTA2N1gxNjAw/z/2P8AAOSwGaVeIID8/$_57.jpg,https://i.ebayimg.com/00/s/MTA2N1gxNjAw/z/1KAAAOSwf3BeIIEM/$_57.jpg,"ABS
Abstandswarner
Alarmanlage
Ambiente-Beleuchtung
Armlehne
Berganfahrassistent
Bluetooth
Bordcomputer
CD-Spieler
Dachreling
Elektr. Fensterheber
Elektr. Seitenspiegel
Elektr. Wegfahrsperre
ESP
Freisprecheinrichtung
Garantie
Gepäckraumabtrennung
Innenspiegel autom. abblendend
Isofix
Kurvenlicht
Lederlenkrad
Leichtmetallfelgen
Lordosenstütze
Multifunktionslenkrad
Nebelscheinwerfer
Nichtraucher-Fahrzeug
Notbremsassistent
Pannenkit
Reifendruckkontrolle
Schaltwippen
Scheckheftgepflegt
Scheinwerferreinigung
Servolenkung
Sitzheizung
Sommerreifen
Soundsystem
Sportpaket
Tagfahrlicht
Tempomat
Traktionskontrolle
Tuner/Radio
USB
Winterreifen
Xenonscheinwerfer
Zentralverriegelung",Automobile A7,30916,,Am Walde 10,+49 (0)511 5154503411,4.9,83,09.04.2020
https://suchen.mobile.de/fahrzeuge/details.html?id=296900499&adLimitation=ONLY_DEALER_ADS&categories=EstateCar&categories=Limousine&categories=OffRoad&categories=SmallCar&cn=DE&damageUnrepaired=NO_DAMAGE_UNREPAIRED&export=NO_EXPORT&features=FULL_SERVICE_HISTORY&features=NONSMOKER_VEHICLE&features=WARRANTY&fuels=PETROL&gn=Hannover%2C+Niedersachsen&isSearchRequest=true&ll=52.3720683%2C9.7356861&maxMileage=100000&maxPrice=150000&minFirstRegistrationDate=2010&pageNumber=1&rd=100&readyToDrive=ONLY_READY_TO_DRIVE&scopeId=C&sfmr=false&sortOption.sortBy=creationTime&sortOption.sortOrder=DESCENDING&usage=USED&withImage=true&searchId=418d2a35-91d8-778d-eeec-071fcd7b8258,Renault Clio 1.2 16V 75 Expression*Klima*Bluetooth*,7.540 €,,Kleinwagen,,"ca. 5,5 l/100km (kombiniert)
ca. 7,1 l/100km (innerorts)
ca. 4,7 l/100km (außerorts)",46.500 km,1.149 cm³,54 kW (73 PS),Benzin,ca. 127 g/km (kombiniert),2,5,4/5,Schaltgetriebe,Euro5,4 (Grün),10/2014,Neu,Klimaanlage,,,"Front-, Seiten- und weitere Airbags",Black Pearl-Schwarz Metallic,Schwarz Metallic,"Stoff, Schwarz",,,,,,,,,,,,,"ABS
Allwetterreifen
Berganfahrassistent
Bluetooth
Bordcomputer
Elektr. Fensterheber
Elektr. Seitenspiegel
Elektr. Wegfahrsperre
ESP
Garantie
Geschwindigkeitsbegrenzer
Isofix
LED-Tagfahrlicht
Nichtraucher-Fahrzeug
Pannenkit
Reifendruckkontrolle
Scheckheftgepflegt
Servolenkung
Tempomat
Traktionskontrolle
Tuner/Radio
USB",Hausser-Automobile Wunstorf GmbH,31515,Wunstorf,Auf Bösselhagen 8,+49 (0)5031 519493594,4.6,9,09.04.2020
https://suchen.mobile.de/fahrzeuge/details.html?id=294518573&adLimitation=ONLY_DEALER_ADS&categories=EstateCar&categories=Limousine&categories=OffRoad&categories=SmallCar&cn=DE&damageUnrepaired=NO_DAMAGE_UNREPAIRED&export=NO_EXPORT&features=FULL_SERVICE_HISTORY&features=NONSMOKER_VEHICLE&features=WARRANTY&fuels=PETROL&gn=Hannover%2C+Niedersachsen&isSearchRequest=true&ll=52.3720683%2C9.7356861&maxMileage=100000&maxPrice=150000&minFirstRegistrationDate=2010&pageNumber=1&rd=100&readyToDrive=ONLY_READY_TO_DRIVE&scopeId=C&sfmr=false&sortOption.sortBy=creationTime&sortOption.sortOrder=DESCENDING&usage=USED&withImage=true&searchId=418d2a35-91d8-778d-eeec-071fcd7b8258,Mercedes-Benz C-Klasse Lim. C 250 CGI BlueEfficiency,15.999 €,Unfallfrei,Limousine,,"ca. 6,4 l/100km (kombiniert)
ca. 8,7 l/100km (innerorts)
ca. 5,1 l/100km (außerorts)",58.124 km,1.796 cm³,150 kW (204 PS),Benzin,ca. 152 g/km (kombiniert),1,5,4/5,Automatik,Euro5,4 (Grün),09/2012,Neu,Klimaautomatik,2012,"Vorne, Hinten","Front-, Seiten- und weitere Airbags",IRIDIUM-SILBER - METALLICLACK,Silber Metallic,"Vollleder, Schwarz",https://i.ebayimg.com/00/s/MTA2N1gxNjAw/z/I8EAAOSwYNpeX6c0/$_57.jpg,https://i.ebayimg.com/00/s/MTA2N1gxNjAw/z/ZYIAAOSwFnleX6c5/$_57.jpg,https://i.ebayimg.com/00/s/MTA2N1gxNjAw/z/A14AAOSw6BpeX6c9/$_57.jpg,https://i.ebayimg.com/00/s/MTA2N1gxNjAw/z/G~gAAOSwIM5eX6dC/$_57.jpg,https://i.ebayimg.com/00/s/MTA2N1gxNjAw/z/tXQAAOSw2y1eX6dG/$_57.jpg,https://i.ebayimg.com/00/s/MTA2N1gxNjAw/z/CeMAAOSwGmteX6dL/$_57.jpg,https://i.ebayimg.com/00/s/MTA2N1gxNjAw/z/OdoAAOSwuDVeX6dT/$_57.jpg,https://i.ebayimg.com/00/s/MTA2N1gxNjAw/z/eOYAAOSwG21eX6dX/$_57.jpg,https://i.ebayimg.com/00/s/MTA2N1gxNjAw/z/eOYAAOSwG21eX6dX/$_57.jpg,https://i.ebayimg.com/00/s/MTA2N1gxNjAw/z/JjMAAOSw7dReX6di/$_57.jpg,https://i.ebayimg.com/00/s/MTA2N1gxNjAw/z/QlMAAOSwVqpeX6dq/$_57.jpg,https://i.ebayimg.com/00/s/MTA2N1gxNjAw/z/jQsAAOSwx7deX6d9/$_57.jpg,"ABS
Abstandswarner
Alarmanlage
Ambiente-Beleuchtung
Armlehne
Berganfahrassistent
Bluetooth
Bordcomputer
CD-Spieler
Elektr. Fensterheber
Elektr. Seitenspiegel
Elektr. Sitzeinstellung
Elektr. Wegfahrsperre
ESP
Freisprecheinrichtung
Garantie
Gepäckraumabtrennung
Geschwindigkeitsbegrenzer
Innenspiegel autom. abblendend
Isofix
Lederlenkrad
Leichtmetallfelgen
Lichtsensor
Lordosenstütze
Multifunktionslenkrad
Navigationssystem
Nichtraucher-Fahrzeug
Notbremsassistent
Pannenkit
Regensensor
Reifendruckkontrolle
Scheckheftgepflegt
Servolenkung
Sitzheizung
Soundsystem
Sprachsteuerung
Start/Stopp-Automatik
Tagfahrlicht
Tempomat
Traktionskontrolle
Tuner/Radio
USB
Zentralverriegelung",Automobile A7,30916,,Am Walde 10,+49 (0)511 5154505892,4.9,83,09.04.2020
https://suchen.mobile.de/fahrzeuge/details.html?id=295689613&adLimitation=ONLY_DEALER_ADS&categories=EstateCar&categories=Limousine&categories=OffRoad&categories=SmallCar&cn=DE&damageUnrepaired=NO_DAMAGE_UNREPAIRED&export=NO_EXPORT&features=FULL_SERVICE_HISTORY&features=NONSMOKER_VEHICLE&features=WARRANTY&fuels=PETROL&gn=Hannover%2C+Niedersachsen&isSearchRequest=true&ll=52.3720683%2C9.7356861&maxMileage=100000&maxPrice=150000&minFirstRegistrationDate=2010&pageNumber=1&rd=100&readyToDrive=ONLY_READY_TO_DRIVE&scopeId=C&sfmr=false&sortOption.sortBy=creationTime&sortOption.sortOrder=DESCENDING&usage=USED&withImage=true&searchId=418d2a35-91d8-778d-eeec-071fcd7b8258,Mercedes-Benz C 180 T CGI Edition C AMG - LINE,17.980 €,Unfallfrei,Kombi,Deutsche Ausführung,"ca. 6,4 l/100km (kombiniert)",92.050 km,1.595 cm³,115 kW (156 PS),Benzin,ca. 152 g/km (kombiniert),2,5,4/5,Automatik,Euro6,4 (Grün),03/2014,Neu,Klimaautomatik,,Hinten,"Front-, Seiten- und weitere Airbags",IRIDIUM-SILBER - METALLICLACK,Silber Metallic,"Teilleder, Schwarz",https://i.ebayimg.com/00/s/MTA2N1gxNjAw/z/q~8AAOSwKtVejuuF/$_57.jpg,https://i.ebayimg.com/00/s/MTA2N1gxNjAw/z/gvMAAOSw7QdejuuB/$_57.jpg,https://i.ebayimg.com/00/s/MTA2N1gxNjAw/z/WS8AAOSwPf1ejuua/$_57.jpg,https://i.ebayimg.com/00/s/MTA2N1gxNjAw/z/CUgAAOSwE-VejuuP/$_57.jpg,https://i.ebayimg.com/00/s/MTA2N1gxNjAw/z/3UEAAOSwWapejuuU/$_57.jpg,https://i.ebayimg.com/00/s/MTA2N1gxNjAw/z/q~QAAOSwKtVejut8/$_57.jpg,https://i.ebayimg.com/00/s/MTA2N1gxNjAw/z/dEYAAOSwV9Jejut3/$_57.jpg,https://i.ebayimg.com/00/s/MTA2N1gxNjAw/z/pPwAAOSwXMZejuul/$_57.jpg,https://i.ebayimg.com/00/s/MTA2N1gxNjAw/z/pPwAAOSwXMZejuul/$_57.jpg,https://i.ebayimg.com/00/s/NDgwWDY0MA==/z/UV4AAOSwWflaDUso/$_57.jpg,https://i.ebayimg.com/00/s/MTcwWDMwMQ==/z/3VAAAOSw3ZxaDUsl/$_57.jpg,,"ABS
Bluetooth
Bordcomputer
CD-Spieler
Elektr. Fensterheber
Elektr. Seitenspiegel
Elektr. Sitzeinstellung
Elektr. Wegfahrsperre
ESP
Garantie
Isofix
Lederlenkrad
Leichtmetallfelgen
Lichtsensor
Multifunktionslenkrad
Navigationssystem
Nebelscheinwerfer
Nichtraucher-Fahrzeug
Pannenkit
Regensensor
Scheckheftgepflegt
Schiebedach
Servolenkung
Sitzheizung
Sommerreifen
Sportsitze
Start/Stopp-Automatik
Tuner/Radio
Zentralverriegelung",Autohaus Johannes Vössing GmbH,37688,Beverungen,Blankenauer Strasse 9,+49 (0)5273 373993293,4.9,33,09.04.2020
https://suchen.mobile.de/fahrzeuge/details.html?id=296900329&adLimitation=ONLY_DEALER_ADS&categories=EstateCar&categories=Limousine&categories=OffRoad&categories=SmallCar&cn=DE&damageUnrepaired=NO_DAMAGE_UNREPAIRED&export=NO_EXPORT&features=FULL_SERVICE_HISTORY&features=NONSMOKER_VEHICLE&features=WARRANTY&fuels=PETROL&gn=Hannover%2C+Niedersachsen&isSearchRequest=true&ll=52.3720683%2C9.7356861&maxMileage=100000&maxPrice=150000&minFirstRegistrationDate=2010&pageNumber=1&rd=100&readyToDrive=ONLY_READY_TO_DRIVE&scopeId=C&sfmr=false&sortOption.sortBy=creationTime&sortOption.sortOrder=DESCENDING&usage=USED&withImage=true&searchId=418d2a35-91d8-778d-eeec-071fcd7b8258,Mazda 6 2.5 SKYACTIV-G 192 Sports-Line AT,20.999 €,,Limousine,,"ca. 6,3 l/100km (kombiniert)
ca. 8,5 l/100km (innerorts)
ca. 5,0 l/100km (außerorts)",31.348 km,2.488 cm³,137 kW (186 PS),Benzin,ca. 207 g/km (kombiniert),,5,4/5,Automatik,,4 (Grün),04/2018,04/2022,Klimaautomatik,,"Vorne, Hinten, Kamera","Front-, Seiten- und weitere Airbags",,,"Stoff, Grau",https://i.ebayimg.com/00/s/MTIwMFgxNjAw/z/7skAAOSwTthejw0P/$_57.jpg,https://i.ebayimg.com/00/s/MTIwMFgxNjAw/z/GbYAAOSwym1ejw0Z/$_57.jpg,https://i.ebayimg.com/00/s/MTIwMFgxNjAw/z/fmYAAOSwoJ5ejw0i/$_57.jpg,https://i.ebayimg.com/00/s/MTIwMFgxNjAw/z/EdYAAOSw6qhejw2R/$_57.jpg,https://i.ebayimg.com/00/s/MTIwMFgxNjAw/z/SQUAAOSwR7Rejw0r/$_57.jpg,https://i.ebayimg.com/00/s/MTIwMFgxNjAw/z/a20AAOSwv8Fejw02/$_57.jpg,https://i.ebayimg.com/00/s/MTIwMFgxNjAw/z/a6cAAOSwv8Fejw2J/$_57.jpg,https://i.ebayimg.com/00/s/MTIwMFgxNjAw/z/UXkAAOSwuSxejw1s/$_57.jpg,https://i.ebayimg.com/00/s/MTIwMFgxNjAw/z/UXkAAOSwuSxejw1s/$_57.jpg,https://i.ebayimg.com/00/s/MTIwMFgxNjAw/z/UrIAAOSwC4Bejw1c/$_57.jpg,https://i.ebayimg.com/00/s/MTIwMFgxNjAw/z/GDYAAOSwwolejw1M/$_57.jpg,https://i.ebayimg.com/00/s/MTIwMFgxNjAw/z/smcAAOSw0w5ejw1T/$_57.jpg,"ABS
Abstandswarner
Armlehne
Beheizbares Lenkrad
Berganfahrassistent
Blendfreies Fernlicht
Bluetooth
Bordcomputer
CD-Spieler
Elektr. Fensterheber
Elektr. Seitenspiegel
ESP
Garantie
Geschwindigkeitsbegrenzer
Head-Up Display
Innenspiegel autom. abblendend
Isofix
Lederlenkrad
LED-Scheinwerfer
LED-Tagfahrlicht
Leichtmetallfelgen
Lichtsensor
Lordosenstütze
Müdigkeitswarner
Multifunktionslenkrad
Navigationssystem
Nebelscheinwerfer
Nichtraucher-Fahrzeug
Notbremsassistent
Pannenkit
Radio DAB
Regensensor
Reifendruckkontrolle
Schaltwippen
Scheckheftgepflegt
Schlüssellose Zentralverriegelung
Servolenkung
Sitzheizung
Sprachsteuerung
Spurhalteassistent
Start/Stopp-Automatik
Tempomat
Totwinkel-Assistent
Touchscreen
Traktionskontrolle
USB
Verkehrszeichenerkennung
Zentralverriegelung",Autohandel Meinhardt,27367,Sottrum,Siemensstrasse 1,+49 (0)4264 392402333,4.9,39,09.04.2020
https://suchen.mobile.de/fahrzeuge/details.html?id=294132637&adLimitation=ONLY_DEALER_ADS&categories=EstateCar&categories=Limousine&categories=OffRoad&categories=SmallCar&cn=DE&damageUnrepaired=NO_DAMAGE_UNREPAIRED&export=NO_EXPORT&features=FULL_SERVICE_HISTORY&features=NONSMOKER_VEHICLE&features=WARRANTY&fuels=PETROL&gn=Hannover%2C+Niedersachsen&isSearchRequest=true&ll=52.3720683%2C9.7356861&maxMileage=100000&maxPrice=150000&minFirstRegistrationDate=2010&pageNumber=1&rd=100&readyToDrive=ONLY_READY_TO_DRIVE&scopeId=C&sfmr=false&sortOption.sortBy=creationTime&sortOption.sortOrder=DESCENDING&usage=USED&withImage=true&searchId=418d2a35-91d8-778d-eeec-071fcd7b8258,BMW Baureihe 1 Lim. 5-trg. 116i *2 Jahre Garantie*,11.999 €,Unfallfrei,Limousine,,"ca. 5,6 l/100km (kombiniert)
ca. 7,3 l/100km (innerorts)
ca. 4,7 l/100km (außerorts)",69.007 km,1.598 cm³,100 kW (136 PS),Benzin,ca. 133 g/km (kombiniert),2,5,4/5,Schaltgetriebe,Euro6,4 (Grün),11/2014,Neu,Klimaautomatik,2014,"Vorne, Hinten","Front-, Seiten- und weitere Airbags",ALPINWEISS 3,Weiß,"Stoff, Schwarz",https://i.ebayimg.com/00/s/MTA2N1gxNjAw/z/lWEAAOSws11eVQ8O/$_57.jpg,https://i.ebayimg.com/00/s/MTA2N1gxNjAw/z/MXkAAOSwwJ1eVQ8J/$_57.jpg,https://i.ebayimg.com/00/s/MTA2N1gxNjAw/z/~h0AAOSw4gVeVQ8S/$_57.jpg,https://i.ebayimg.com/00/s/MTA2N1gxNjAw/z/cMIAAOSwPjJeVQ8c/$_57.jpg,https://i.ebayimg.com/00/s/MTA2N1gxNjAw/z/y~8AAOSwDYFeVQ8F/$_57.jpg,https://i.ebayimg.com/00/s/MTA2N1gxNjAw/z/MZAAAOSwwJ1eVQ8k/$_57.jpg,https://i.ebayimg.com/00/s/MTA2N1gxNjAw/z/~6kAAOSwveheVQ8t/$_57.jpg,https://i.ebayimg.com/00/s/MTA2N1gxNjAw/z/iicAAOSwrxpeVQ8w/$_57.jpg,https://i.ebayimg.com/00/s/MTA2N1gxNjAw/z/iicAAOSwrxpeVQ8w/$_57.jpg,https://i.ebayimg.com/00/s/MTA2N1gxNjAw/z/aroAAOSwmXteVQ84/$_57.jpg,https://i.ebayimg.com/00/s/MTA2N1gxNjAw/z/clMAAOSwFZNeVQ9A/$_57.jpg,https://i.ebayimg.com/00/s/MTA2N1gxNjAw/z/TykAAOSwRg9eVQ9f/$_57.jpg,"ABS
Abstandswarner
Alarmanlage
Ambiente-Beleuchtung
Anhängerkupplung abnehmbar
Armlehne
Berganfahrassistent
Bluetooth
Bordcomputer
CD-Spieler
Elektr. Fensterheber
Elektr. Seitenspiegel
Elektr. Wegfahrsperre
ESP
Freisprecheinrichtung
Garantie
Gepäckraumabtrennung
Innenspiegel autom. abblendend
Isofix
Lederlenkrad
Leichtmetallfelgen
Multifunktionslenkrad
Navigationssystem
Nebelscheinwerfer
Nichtraucher-Fahrzeug
Notbremsassistent
Pannenkit
Regensensor
Reifendruckkontrolle
Scheckheftgepflegt
Servolenkung
Sitzheizung
Sommerreifen
Soundsystem
Stahlfelgen
Start/Stopp-Automatik
Traktionskontrolle
Tuner/Radio
USB
Winterreifen
Zentralverriegelung",Automobile A7,30916,,Am Walde 10,+49 (0)511 5154506871,4.9,83,09.04.2020
https://suchen.mobile.de/fahrzeuge/details.html?id=294467237&adLimitation=ONLY_DEALER_ADS&categories=EstateCar&categories=Limousine&categories=OffRoad&categories=SmallCar&cn=DE&damageUnrepaired=NO_DAMAGE_UNREPAIRED&export=NO_EXPORT&features=FULL_SERVICE_HISTORY&features=NONSMOKER_VEHICLE&features=WARRANTY&fuels=PETROL&gn=Hannover%2C+Niedersachsen&isSearchRequest=true&ll=52.3720683%2C9.7356861&maxMileage=100000&maxPrice=150000&minFirstRegistrationDate=2010&pageNumber=1&rd=100&readyToDrive=ONLY_READY_TO_DRIVE&scopeId=C&sfmr=false&sortOption.sortBy=creationTime&sortOption.sortOrder=DESCENDING&usage=USED&withImage=true&searchId=418d2a35-91d8-778d-eeec-071fcd7b8258,Audi A3 Sportback 1.5 S tronic design Xenon Navi,22.800 €,Unfallfrei,Kombi,Deutsche Ausführung,"ca. 5,1 l/100km (kombiniert)
ca. 6,2 l/100km (innerorts)
ca. 4,4 l/100km (außerorts)",29.000 km,1.498 cm³,110 kW (150 PS),Benzin,ca. 116 g/km (kombiniert),1,5,4/5,Automatik,Euro6,4 (Grün),06/2018,Neu,2-Zonen-Klimaautomatik,,"Vorne, Hinten","Front-, Seiten- und weitere Airbags",Mythosschwarz Metallic,Schwarz Metallic,"Teilleder, Schwarz",https://i.ebayimg.com/00/s/MTIwMFgxNjAw/z/VmAAAOSwlSZeY1zx/$_57.jpg,https://i.ebayimg.com/00/s/MTIwMFgxNjAw/z/s6EAAOSws4NeY1z3/$_57.jpg,https://i.ebayimg.com/00/s/MTIwMFgxNjAw/z/U8AAAOSwLlleY1z9/$_57.jpg,https://i.ebayimg.com/00/s/MTIwMFgxNjAw/z/SToAAOSwegReY10C/$_57.jpg,https://i.ebayimg.com/00/s/MTIwMFgxNjAw/z/GT0AAOSwNYZeY10I/$_57.jpg,https://i.ebayimg.com/00/s/MTIwMFgxNjAw/z/8s4AAOSwZ2ZeY10N/$_57.jpg,https://i.ebayimg.com/00/s/MTIwMFgxNjAw/z/p50AAOSwoXZeY10T/$_57.jpg,https://i.ebayimg.com/00/s/MTIwMFgxNjAw/z/umwAAOSwUAVeY10a/$_57.jpg,https://i.ebayimg.com/00/s/MTIwMFgxNjAw/z/umwAAOSwUAVeY10a/$_57.jpg,https://i.ebayimg.com/00/s/MTIwMFgxNjAw/z/6PgAAOSwGsleY10k/$_57.jpg,https://i.ebayimg.com/00/s/MTIwMFgxNjAw/z/sfwAAOSwdAleY10p/$_57.jpg,https://i.ebayimg.com/00/s/MTIwMFgxNjAw/z/yWoAAOSwv8FeY10u/$_57.jpg,"ABS
Allwetterreifen
Armlehne
Berganfahrassistent
Bi-Xenon Scheinwerfer
Bluetooth
Bordcomputer
CD-Spieler
Dachreling
Elektr. Fensterheber
Elektr. Seitenspiegel
Elektr. Wegfahrsperre
ESP
Fernlichtassistent
Freisprecheinrichtung
Garantie
Isofix
Lederlenkrad
Leichtmetallfelgen
Lichtsensor
Multifunktionslenkrad
Navigationssystem
Nichtraucher-Fahrzeug
Pannenkit
Partikelfilter
Regensensor
Reifendruckkontrolle
Scheckheftgepflegt
Servolenkung
Sitzheizung
Start/Stopp-Automatik
Tagfahrlicht
Tempomat
Traktionskontrolle
Tuner/Radio
USB
Winterpaket
Zentralverriegelung",Autohaus Hohenesch Inh. Gerd Röhrs,27356,Rotenburg (Wümme),Karl-Göx-Str. 10,+49 (0)4261 189407554,4.5,2,09.04.2020
https://suchen.mobile.de/fahrzeuge/details.html?id=294395412&adLimitation=ONLY_DEALER_ADS&categories=EstateCar&categories=Limousine&categories=OffRoad&categories=SmallCar&cn=DE&damageUnrepaired=NO_DAMAGE_UNREPAIRED&export=NO_EXPORT&features=FULL_SERVICE_HISTORY&features=NONSMOKER_VEHICLE&features=WARRANTY&fuels=PETROL&gn=Hannover%2C+Niedersachsen&isSearchRequest=true&ll=52.3720683%2C9.7356861&maxMileage=100000&maxPrice=150000&minFirstRegistrationDate=2010&pageNumber=1&rd=100&readyToDrive=ONLY_READY_TO_DRIVE&scopeId=C&sfmr=false&sortOption.sortBy=creationTime&sortOption.sortOrder=DESCENDING&usage=USED&withImage=true&searchId=418d2a35-91d8-778d-eeec-071fcd7b8258,Audi A3 1.2 TFSI Attraction Klima SHZ Alu,8.950 €,,Limousine,,"ca. 5,5 l/100km (kombiniert)
ca. 6,7 l/100km (innerorts)
ca. 4,7 l/100km (außerorts)",93.500 km,1.197 cm³,77 kW (105 PS),Benzin,ca. 127 g/km (kombiniert),,5,2/3,Schaltgetriebe,Euro5,,03/2011,Neu,Klimaautomatik,,Hinten,"Front-, Seiten- und weitere Airbags",Phantomschwarz Perleffekt,Schwarz Metallic,"Stoff, Schwarz",https://i.ebayimg.com/00/s/MTIwMFgxNjAw/z/RGoAAOSwYbNeV3ns/$_57.jpg,https://i.ebayimg.com/00/s/MTIwMFgxNjAw/z/~aYAAOSw8wheV3ny/$_57.jpg,https://i.ebayimg.com/00/s/MTIwMFgxNjAw/z/74kAAOSw4tJeV3n4/$_57.jpg,https://i.ebayimg.com/00/s/MTIwMFgxNjAw/z/2ncAAOSwScNeV3n-/$_57.jpg,https://i.ebayimg.com/00/s/MTIwMFgxNjAw/z/UNcAAOSwakteV3oD/$_57.jpg,https://i.ebayimg.com/00/s/MTIwMFgxNjAw/z/NMkAAOSw3TReV3oJ/$_57.jpg,https://i.ebayimg.com/00/s/MTIwMFgxNjAw/z/Nr8AAOSwaJFeV3oQ/$_57.jpg,https://i.ebayimg.com/00/s/MTIwMFgxNjAw/z/HyUAAOSwkBteV3oV/$_57.jpg,https://i.ebayimg.com/00/s/MTIwMFgxNjAw/z/HyUAAOSwkBteV3oV/$_57.jpg,https://i.ebayimg.com/00/s/MTIwMFgxNjAw/z/tr0AAOSw2c9eV3og/$_57.jpg,https://i.ebayimg.com/00/s/MTIwMFgxNjAw/z/qewAAOSwnm1eV3ol/$_57.jpg,https://i.ebayimg.com/00/s/MTYwMFgxMjAw/z/u4cAAOSw4uleV3oq/$_57.jpg,"ABS
Armlehne
CD-Spieler
Elektr. Fensterheber
Elektr. Seitenspiegel
Elektr. Wegfahrsperre
ESP
Garantie
Isofix
Leichtmetallfelgen
Multifunktionslenkrad
Navigationssystem
Nebelscheinwerfer
Nichtraucher-Fahrzeug
Scheckheftgepflegt
Servolenkung
Sitzheizung
Sommerreifen
Start/Stopp-Automatik
Tagfahrlicht
Tempomat
Traktionskontrolle
Tuner/Radio
Winterreifen
Zentralverriegelung",Autohaus Hohenesch Inh. Gerd Röhrs,27356,Rotenburg (Wümme),Karl-Göx-Str. 10,+49 (0)4261 189406360,4.5,2,09.04.2020
https://suchen.mobile.de/fahrzeuge/details.html?id=296899199&adLimitation=ONLY_DEALER_ADS&categories=EstateCar&categories=Limousine&categories=OffRoad&categories=SmallCar&cn=DE&damageUnrepaired=NO_DAMAGE_UNREPAIRED&export=NO_EXPORT&features=FULL_SERVICE_HISTORY&features=NONSMOKER_VEHICLE&features=WARRANTY&fuels=PETROL&gn=Hannover%2C+Niedersachsen&isSearchRequest=true&ll=52.3720683%2C9.7356861&maxMileage=100000&maxPrice=150000&minFirstRegistrationDate=2010&pageNumber=1&rd=100&readyToDrive=ONLY_READY_TO_DRIVE&scopeId=C&sfmr=false&sortOption.sortBy=creationTime&sortOption.sortOrder=DESCENDING&usage=USED&withImage=true&searchId=418d2a35-91d8-778d-eeec-071fcd7b8258,"Opel Mokka X 1,4 Innovation, AHK-Abneh., NAVI, LED",18.990 €,Unfallfrei,SUV / Geländewagen / Pickup,Deutsche Ausführung,"ca. 6,6 l/100km (kombiniert)
ca. 8,2 l/100km (innerorts)
ca. 5,6 l/100km (außerorts)",10.900 km,1.364 cm³,103 kW (140 PS),"Benzin, E10-geeignet",ca. 150 g/km (kombiniert),1,5,4/5,Schaltgetriebe,Euro6d-TEMP,4 (Grün),07/2019,Neu,2-Zonen-Klimaautomatik,2019,"Vorne, Hinten, Kamera","Front-, Seiten- und weitere Airbags",Licht Grau,Grau,"Teilleder, Schwarz",,,,,,,,,,,,,"ABS
Android Auto
Anhängerkupplung abnehmbar
Apple CarPlay
Armlehne
Beheizbares Lenkrad
Berganfahrassistent
Blendfreies Fernlicht
Bluetooth
Bordcomputer
Dachreling
Elektr. Fensterheber
Elektr. Seitenspiegel
Elektr. Wegfahrsperre
ESP
Fernlichtassistent
Freisprecheinrichtung
Garantie
Gepäckraumabtrennung
Geschwindigkeitsbegrenzer
Innenspiegel autom. abblendend
Isofix
Kurvenlicht
Lederlenkrad
LED-Scheinwerfer
LED-Tagfahrlicht
Leichtmetallfelgen
Lichtsensor
Lordosenstütze
Multifunktionslenkrad
Musikstreaming integriert
Navigationssystem
Nebelscheinwerfer
Nichtraucher-Fahrzeug
Pannenkit
Reifendruckkontrolle
Scheckheftgepflegt
Servolenkung
Sitzheizung
Sommerreifen
Sprachsteuerung
Start/Stopp-Automatik
Tempomat
Touchscreen
Traktionskontrolle
Tuner/Radio
USB
Winterpaket
Zentralverriegelung",Autohaus Kluge GmbH & Co. KG,31633,Leese,Alter Hoop 2,+49 (0)5761 842980924,4.9,102,09.04.2020
https://suchen.mobile.de/fahrzeuge/details.html?id=296899195&adLimitation=ONLY_DEALER_ADS&categories=EstateCar&categories=Limousine&categories=OffRoad&categories=SmallCar&cn=DE&damageUnrepaired=NO_DAMAGE_UNREPAIRED&export=NO_EXPORT&features=FULL_SERVICE_HISTORY&features=NONSMOKER_VEHICLE&features=WARRANTY&fuels=PETROL&gn=Hannover%2C+Niedersachsen&isSearchRequest=true&ll=52.3720683%2C9.7356861&maxMileage=100000&maxPrice=150000&minFirstRegistrationDate=2010&pageNumber=1&rd=100&readyToDrive=ONLY_READY_TO_DRIVE&scopeId=C&sfmr=false&sortOption.sortBy=creationTime&sortOption.sortOrder=DESCENDING&usage=USED&withImage=true&searchId=418d2a35-91d8-778d-eeec-071fcd7b8258,"Opel Mokka X 1,4 120 Jahre OPC-Line, NAVI, PDC v+h",19.990 €,Unfallfrei,SUV / Geländewagen / Pickup,Deutsche Ausführung,"ca. 7,1 l/100km (kombiniert)
ca. 8,9 l/100km (innerorts)
ca. 6,1 l/100km (außerorts)",19.450 km,1.364 cm³,103 kW (140 PS),"Benzin, E10-geeignet",ca. 163 g/km (kombiniert),1,5,4/5,Automatik,Euro6,4 (Grün),08/2019,Neu,2-Zonen-Klimaautomatik,2019,"Vorne, Hinten, Kamera","Front-, Seiten- und weitere Airbags",Licht Grau,Grau,"Teilleder, Schwarz",,,,,,,,,,,,,"ABS
Android Auto
Apple CarPlay
Armlehne
Beheizbares Lenkrad
Berganfahrassistent
Blendfreies Fernlicht
Bluetooth
Bordcomputer
Dachreling
Elektr. Fensterheber
Elektr. Seitenspiegel
Elektr. Wegfahrsperre
ESP
Fernlichtassistent
Freisprecheinrichtung
Garantie
Gepäckraumabtrennung
Geschwindigkeitsbegrenzer
Innenspiegel autom. abblendend
Isofix
Kurvenlicht
Lederlenkrad
LED-Scheinwerfer
LED-Tagfahrlicht
Leichtmetallfelgen
Lichtsensor
Multifunktionslenkrad
Musikstreaming integriert
Navigationssystem
Nebelscheinwerfer
Nichtraucher-Fahrzeug
Notrad
Radio DAB
Regensensor
Reifendruckkontrolle
Scheckheftgepflegt
Schlüssellose Zentralverriegelung
Servolenkung
Sitzheizung
Sommerreifen
Sprachsteuerung
Start/Stopp-Automatik
Tempomat
Touchscreen
Traktionskontrolle
Tuner/Radio
USB
Winterpaket
Zentralverriegelung",Autohaus Kluge GmbH & Co. KG,31633,Leese,Alter Hoop 2,+49 (0)5761 842988122,4.9,102,09.04.2020
https://suchen.mobile.de/fahrzeuge/details.html?id=296899192&adLimitation=ONLY_DEALER_ADS&categories=EstateCar&categories=Limousine&categories=OffRoad&categories=SmallCar&cn=DE&damageUnrepaired=NO_DAMAGE_UNREPAIRED&export=NO_EXPORT&features=FULL_SERVICE_HISTORY&features=NONSMOKER_VEHICLE&features=WARRANTY&fuels=PETROL&gn=Hannover%2C+Niedersachsen&isSearchRequest=true&ll=52.3720683%2C9.7356861&maxMileage=100000&maxPrice=150000&minFirstRegistrationDate=2010&pageNumber=1&rd=100&readyToDrive=ONLY_READY_TO_DRIVE&scopeId=C&sfmr=false&sortOption.sortBy=creationTime&sortOption.sortOrder=DESCENDING&usage=USED&withImage=true&searchId=418d2a35-91d8-778d-eeec-071fcd7b8258,"Opel Adam Glam 1,0 Allwetterreifen, PDC h, Bluetooth",12.540 €,Unfallfrei,Kleinwagen,Deutsche Ausführung,"ca. 4,7 l/100km (kombiniert)
ca. 5,8 l/100km (innerorts)
ca. 4,0 l/100km (außerorts)",9.350 km,999 cm³,85 kW (116 PS),"Benzin, E10-geeignet",ca. 108 g/km (kombiniert),1,,2/3,Schaltgetriebe,Euro6d-TEMP,4 (Grün),12/2018,Neu,Klimaanlage,2018,Hinten,"Front-, Seiten- und weitere Airbags",Licht Grau M2,Grau Metallic,"Stoff, Schwarz",https://i.ebayimg.com/00/s/NDgwWDY0MA==/z/eY0AAOSwkfVejvv5/$_57.jpg,https://i.ebayimg.com/00/s/NDgwWDY0MA==/z/jtUAAOSwy4hejvv9/$_57.jpg,https://i.ebayimg.com/00/s/NDgwWDY0MA==/z/g~8AAOSwu~RejvwA/$_57.jpg,https://i.ebayimg.com/00/s/NDgwWDY0MA==/z/8zIAAOSwZsdejvwE/$_57.jpg,https://i.ebayimg.com/00/s/NDgwWDY0MA==/z/rcQAAOSwS~Rejvv7/$_57.jpg,https://i.ebayimg.com/00/s/NDgwWDY0MA==/z/-HIAAOSw0NZejvwC/$_57.jpg,https://i.ebayimg.com/00/s/NDgwWDY0MA==/z/S8gAAOSw2uhejvwG/$_57.jpg,https://i.ebayimg.com/00/s/NDgwWDY0MA==/z/CZsAAOSwlztejvvw/$_57.jpg,https://i.ebayimg.com/00/s/NDgwWDY0MA==/z/CZsAAOSwlztejvvw/$_57.jpg,https://i.ebayimg.com/00/s/NDgwWDY0MA==/z/XCwAAOSw1dVejvv3/$_57.jpg,https://i.ebayimg.com/00/s/NDgwWDY0MA==/z/FOsAAOSwF7xejvvi/$_57.jpg,https://i.ebayimg.com/00/s/NDgwWDY0MA==/z/2SMAAOSwIAxejvvs/$_57.jpg,"ABS
Allwetterreifen
Berganfahrassistent
Bluetooth
Bordcomputer
CD-Spieler
Elektr. Fensterheber
Elektr. Seitenspiegel
Elektr. Wegfahrsperre
ESP
Freisprecheinrichtung
Garantie
Gepäckraumabtrennung
Geschwindigkeitsbegrenzer
Innenspiegel autom. abblendend
Isofix
Lederlenkrad
Leichtmetallfelgen
Multifunktionslenkrad
Musikstreaming integriert
Nichtraucher-Fahrzeug
Pannenkit
Panorama-Dach
Reifendruckkontrolle
Scheckheftgepflegt
Servolenkung
Sprachsteuerung
Start/Stopp-Automatik
Tagfahrlicht
Tempomat
Traktionskontrolle
Tuner/Radio
USB
Zentralverriegelung",Autohaus Kluge GmbH & Co. KG,31633,Leese,Alter Hoop 2,+49 (0)5761 842988112,4.9,102,09.04.2020
https://suchen.mobile.de/fahrzeuge/details.html?id=289917326&adLimitation=ONLY_DEALER_ADS&categories=EstateCar&categories=Limousine&categories=OffRoad&categories=SmallCar&cn=DE&damageUnrepaired=NO_DAMAGE_UNREPAIRED&export=NO_EXPORT&features=FULL_SERVICE_HISTORY&features=NONSMOKER_VEHICLE&features=WARRANTY&fuels=PETROL&gn=Hannover%2C+Niedersachsen&isSearchRequest=true&ll=52.3720683%2C9.7356861&maxMileage=100000&maxPrice=150000&minFirstRegistrationDate=2010&pageNumber=1&rd=100&readyToDrive=ONLY_READY_TO_DRIVE&scopeId=C&sfmr=false&sortOption.sortBy=creationTime&sortOption.sortOrder=DESCENDING&usage=USED&withImage=true&searchId=418d2a35-91d8-778d-eeec-071fcd7b8258,BMW 320i GT*Aut*NAVIPROF*T.LEDER*HUD*XENON,20.498 €,,Limousine,Deutsche Ausführung,"ca. 6,2 l/100km (kombiniert)",69.997 km,1.998 cm³,135 kW (184 PS),Benzin,ca. 147 g/km (kombiniert),1,5,4/5,Automatik,Euro6,4 (Grün),10/2014,10/2021,Klimaautomatik,,"Vorne, Hinten, Kamera, Selbstlenkende Systeme","Front-, Seiten- und weitere Airbags",ALPINWEISS 3,Weiß,"Teilleder, Schwarz",https://i.ebayimg.com/00/s/MTIwMFgxNjAw/z/vfUAAOSwwJ5d~QGY/$_57.jpg,https://i.ebayimg.com/00/s/MTIwMFgxNjAw/z/O~EAAOSwSlVd~QFL/$_57.jpg,https://i.ebayimg.com/00/s/MTIwMFgxNjAw/z/JB8AAOSw2O1d~QGc/$_57.jpg,https://i.ebayimg.com/00/s/MTIwMFgxNjAw/z/l4YAAOSwbm9d~QFQ/$_57.jpg,https://i.ebayimg.com/00/s/MTIwMFgxNjAw/z/bxAAAOSwhJtd~QGh/$_57.jpg,https://i.ebayimg.com/00/s/MTIwMFgxNjAw/z/MlIAAOSwjLZd~QFa/$_57.jpg,https://i.ebayimg.com/00/s/MTIwMFgxNjAw/z/9rwAAOSwEYRd~QF0/$_57.jpg,https://i.ebayimg.com/00/s/MTIwMFgxNjAw/z/OTEAAOSwh-Jd~QGQ/$_57.jpg,https://i.ebayimg.com/00/s/MTIwMFgxNjAw/z/OTEAAOSwh-Jd~QGQ/$_57.jpg,https://i.ebayimg.com/00/s/MTIwMFgxNjAw/z/y1EAAOSwctxd~QFV/$_57.jpg,https://i.ebayimg.com/00/s/MTIwMFgxNjAw/z/IcQAAOSwmXtd~QFf/$_57.jpg,https://i.ebayimg.com/00/s/MTIwMFgxNjAw/z/dyAAAOSw8hpd~QFv/$_57.jpg,"ABS
Abstandswarner
Adaptives Kurvenlicht
Armlehne
Beheizbares Lenkrad
Bluetooth
Bordcomputer
CD-Spieler
Elektr. Fensterheber
Elektr. Heckklappe
Elektr. Seitenspiegel
Elektr. Wegfahrsperre
ESP
Fernlichtassistent
Freisprecheinrichtung
Garantie
Head-Up Display
Innenspiegel autom. abblendend
Isofix
Lederlenkrad
LED-Tagfahrlicht
Leichtmetallfelgen
Lichtsensor
Multifunktionslenkrad
Navigationssystem
Nebelscheinwerfer
Nichtraucher-Fahrzeug
Notrufsystem
Radio DAB
Regensensor
Reifendruckkontrolle
Scheckheftgepflegt
Scheinwerferreinigung
Schlüssellose Zentralverriegelung
Servolenkung
Sitzheizung
Sommerreifen
Soundsystem
Sportpaket
Sprachsteuerung
Spurhalteassistent
Start/Stopp-Automatik
Tempomat
Traktionskontrolle
Tuner/Radio
USB
Verkehrszeichenerkennung
Xenonscheinwerfer
Zentralverriegelung",SGAuto GbR,30165,Hannover,Vahrenwalderstr. 195A,+49 (0)511 5151002707,4.6,90,09.04.2020
https://suchen.mobile.de/fahrzeuge/details.html?id=295150722&adLimitation=ONLY_DEALER_ADS&categories=EstateCar&categories=Limousine&categories=OffRoad&categories=SmallCar&cn=DE&damageUnrepaired=NO_DAMAGE_UNREPAIRED&export=NO_EXPORT&features=FULL_SERVICE_HISTORY&features=NONSMOKER_VEHICLE&features=WARRANTY&fuels=PETROL&gn=Hannover%2C+Niedersachsen&isSearchRequest=true&ll=52.3720683%2C9.7356861&maxMileage=100000&maxPrice=150000&minFirstRegistrationDate=2010&pageNumber=1&rd=100&readyToDrive=ONLY_READY_TO_DRIVE&scopeId=C&sfmr=false&sortOption.sortBy=creationTime&sortOption.sortOrder=DESCENDING&usage=USED&withImage=true&searchId=418d2a35-91d8-778d-eeec-071fcd7b8258,BMW 118i*Aut.*NAVI*LED*M-SPORT*HiFi,17.998 €,,Limousine,Deutsche Ausführung,"ca. 5,1 l/100km (kombiniert)
ca. 6,3 l/100km (innerorts)
ca. 4,5 l/100km (außerorts)",59.796 km,1.499 cm³,100 kW (136 PS),Benzin,ca. 119 g/km (kombiniert),1,5,4/5,Automatik,Euro6,4 (Grün),03/2017,Neu,Klimaautomatik,,"Vorne, Hinten","Front-, Seiten- und weitere Airbags",ALPINWEISS 3,Weiß,"Alcantara, Schwarz",https://i.ebayimg.com/00/s/MTIwMFgxNjAw/z/DiQAAOSw2jBebNYX/$_57.jpg,https://i.ebayimg.com/00/s/MTIwMFgxNjAw/z/ai8AAOSwXy5ebNX2/$_57.jpg,https://i.ebayimg.com/00/s/MTIwMFgxNjAw/z/mh0AAOSwNmhebNaa/$_57.jpg,https://i.ebayimg.com/00/s/MTIwMFgxNjAw/z/aaoAAOSwmO5ebNXx/$_57.jpg,https://i.ebayimg.com/00/s/MTIwMFgxNjAw/z/bMYAAOSwxcFebNaf/$_57.jpg,https://i.ebayimg.com/00/s/MTIwMFgxNjAw/z/0BUAAOSw2y1ebNXo/$_57.jpg,https://i.ebayimg.com/00/s/MTIwMFgxNjAw/z/TXYAAOSw40ZebNYD/$_57.jpg,https://i.ebayimg.com/00/s/MTIwMFgxNjAw/z/NioAAOSwXj1ebNa7/$_57.jpg,https://i.ebayimg.com/00/s/MTIwMFgxNjAw/z/NioAAOSwXj1ebNa7/$_57.jpg,https://i.ebayimg.com/00/s/MTIwMFgxNjAw/z/cCkAAOSw3sNebNX-/$_57.jpg,https://i.ebayimg.com/00/s/MTIwMFgxNjAw/z/QDMAAOSw2T9ebNbQ/$_57.jpg,https://i.ebayimg.com/00/s/MTIwMFgxNjAw/z/cmMAAOSwSQhebNXs/$_57.jpg,"ABS
Alarmanlage
Armlehne
Bluetooth
Bordcomputer
CD-Spieler
Elektr. Fensterheber
Elektr. Seitenspiegel
Elektr. Wegfahrsperre
ESP
Freisprecheinrichtung
Garantie
Innenspiegel autom. abblendend
Isofix
Lederlenkrad
LED-Scheinwerfer
LED-Tagfahrlicht
Leichtmetallfelgen
Lichtsensor
Lordosenstütze
Multifunktionslenkrad
Navigationssystem
Nebelscheinwerfer
Nichtraucher-Fahrzeug
Notrufsystem
Regensensor
Reifendruckkontrolle
Scheckheftgepflegt
Servolenkung
Sitzheizung
Sommerreifen
Soundsystem
Sportfahrwerk
Sportpaket
Sportsitze
Start/Stopp-Automatik
Tempomat
Traktionskontrolle
Tuner/Radio
USB
Winterreifen
Zentralverriegelung",SGAuto GbR,30165,Hannover,Vahrenwalderstr. 195A,+49 (0)511 5154115781,4.6,90,09.04.2020
https://suchen.mobile.de/fahrzeuge/details.html?id=295362343&adLimitation=ONLY_DEALER_ADS&categories=EstateCar&categories=Limousine&categories=OffRoad&categories=SmallCar&cn=DE&damageUnrepaired=NO_DAMAGE_UNREPAIRED&export=NO_EXPORT&features=FULL_SERVICE_HISTORY&features=NONSMOKER_VEHICLE&features=WARRANTY&fuels=PETROL&gn=Hannover%2C+Niedersachsen&isSearchRequest=true&ll=52.3720683%2C9.7356861&maxMileage=100000&maxPrice=150000&minFirstRegistrationDate=2010&pageNumber=1&rd=100&readyToDrive=ONLY_READY_TO_DRIVE&scopeId=C&sfmr=false&sortOption.sortBy=creationTime&sortOption.sortOrder=DESCENDING&usage=USED&withImage=true&searchId=418d2a35-91d8-778d-eeec-071fcd7b8258,"Ford Ecosport 1,0 St-Line/Navi/Winter+Easy-Driver",19.980 €,,SUV / Geländewagen / Pickup,Deutsche Ausführung,"5,5 l/100km (kombiniert)*
6,4 l/100km (innerorts)*
5,0 l/100km (außerorts)*",12 km,998 cm³,92 kW (125 PS),Benzin,125 g/km (kombiniert)*,1,5,4/5,Schaltgetriebe,Euro6,4 (Grün),02/2020,Neu,Klimaautomatik,2020,"Vorne, Hinten, Kamera","Front-, Seiten- und weitere Airbags",MAGNETIC-GRAU METALLIC,Grau Metallic,"Teilleder, Andere",,,,,,,,,,,,,"ABS
Alarmanlage
Ambiente-Beleuchtung
Armlehne
Beheizbare Frontscheibe
Beheizbares Lenkrad
Berganfahrassistent
Bi-Xenon Scheinwerfer
Bluetooth
Bordcomputer
Dachreling
Elektr. Fensterheber
Elektr. Seitenspiegel
ESP
Freisprecheinrichtung
Garantie
Geschwindigkeitsbegrenzer
Innenspiegel autom. abblendend
Isofix
Lederlenkrad
LED-Tagfahrlicht
Leichtmetallfelgen
Lichtsensor
Lordosenstütze
Multifunktionslenkrad
Navigationssystem
Nebelscheinwerfer
Nichtraucher-Fahrzeug
Notbremsassistent
Notrufsystem
Pannenkit
Reifendruckkontrolle
Scheckheftgepflegt
Schiebedach
Schlüssellose Zentralverriegelung
Servolenkung
Sitzheizung
Soundsystem
Sportpaket
Sprachsteuerung
Start/Stopp-Automatik
Tempomat
Tuner/Radio
USB
Volldigitales Kombiinstrument
Zentralverriegelung",Ernst Dello GmbH & Co. KG Bremen am Flughafen,28199,Bremen,Neuenlander Strasse 93,+49 (0)421 9897604076,4.9,6,09.04.2020
https://suchen.mobile.de/fahrzeuge/details.html?id=295351784&adLimitation=ONLY_DEALER_ADS&categories=EstateCar&categories=Limousine&categories=OffRoad&categories=SmallCar&cn=DE&damageUnrepaired=NO_DAMAGE_UNREPAIRED&export=NO_EXPORT&features=FULL_SERVICE_HISTORY&features=NONSMOKER_VEHICLE&features=WARRANTY&fuels=PETROL&gn=Hannover%2C+Niedersachsen&isSearchRequest=true&ll=52.3720683%2C9.7356861&maxMileage=100000&maxPrice=150000&minFirstRegistrationDate=2010&pageNumber=1&rd=100&readyToDrive=ONLY_READY_TO_DRIVE&scopeId=C&sfmr=false&sortOption.sortBy=creationTime&sortOption.sortOrder=DESCENDING&usage=USED&withImage=true&searchId=418d2a35-91d8-778d-eeec-071fcd7b8258,Dacia Sandero Stepway Prestige/Navi//PDC/DAB/Kamera,12.980 €,,SUV / Geländewagen / Pickup,EU-Ausführung,"5,3 l/100km (kombiniert)*
6,3 l/100km (innerorts)*
4,6 l/100km (außerorts)*",12 km,898 cm³,66 kW (90 PS),Benzin,120 g/km (kombiniert)*,1,5,4/5,Schaltgetriebe,Euro6,4 (Grün),11/2019,Neu,Klimaautomatik,2019,"Hinten, Kamera",Front- und Seiten-Airbags,Schwarz Metallic,Schwarz Metallic,"Stoff, Schwarz",https://i.ebayimg.com/00/s/NzY3WDEwMjQ=/z/yVQAAOSwm8tea9a7/$_57.jpg,https://i.ebayimg.com/00/s/NzY3WDEwMjQ=/z/Ci0AAOSwuxZea9a7/$_57.jpg,https://i.ebayimg.com/00/s/NzY3WDEwMjQ=/z/IjIAAOSws~Nea9a7/$_57.jpg,https://i.ebayimg.com/00/s/NzY3WDEwMjQ=/z/M2UAAOSwoZZea9a7/$_57.jpg,https://i.ebayimg.com/00/s/NzY3WDEwMjQ=/z/8NoAAOSwq29ea9a7/$_57.jpg,https://i.ebayimg.com/00/s/NzY3WDEwMjQ=/z/w5AAAOSw0N1ea9a7/$_57.jpg,https://i.ebayimg.com/00/s/NzY3WDEwMjQ=/z/7-EAAOSwkMNea9a7/$_57.jpg,https://i.ebayimg.com/00/s/NzY3WDEwMjQ=/z/nP8AAOSwvxBea9a7/$_57.jpg,https://i.ebayimg.com/00/s/NzY3WDEwMjQ=/z/nP8AAOSwvxBea9a7/$_57.jpg,https://i.ebayimg.com/00/s/NzY3WDEwMjQ=/z/3ZkAAOSw1PNea9a7/$_57.jpg,https://i.ebayimg.com/00/s/NzY3WDEwMjQ=/z/w6IAAOSwTthea9a7/$_57.jpg,https://i.ebayimg.com/00/s/NzY3WDEwMjQ=/z/z3YAAOSw4Wdea9a7/$_57.jpg,"Armlehne
Bluetooth
Bordcomputer
Elektr. Fensterheber
Elektr. Wegfahrsperre
ESP
Freisprecheinrichtung
Garantie
Isofix
Lederlenkrad
LED-Tagfahrlicht
Multifunktionslenkrad
Navigationssystem
Nebelscheinwerfer
Nichtraucher-Fahrzeug
Radio DAB
Scheckheftgepflegt
Servolenkung
Tempomat
Touchscreen
Tuner/Radio
USB
Zentralverriegelung",Ernst Dello GmbH & Co. KG Bremen am Flughafen,28199,Bremen,Neuenlander Strasse 93,+49 (0)421 9897604080,4.9,6,09.04.2020
https://suchen.mobile.de/fahrzeuge/details.html?id=294709126&adLimitation=ONLY_DEALER_ADS&categories=EstateCar&categories=Limousine&categories=OffRoad&categories=SmallCar&cn=DE&damageUnrepaired=NO_DAMAGE_UNREPAIRED&export=NO_EXPORT&features=FULL_SERVICE_HISTORY&features=NONSMOKER_VEHICLE&features=WARRANTY&fuels=PETROL&gn=Hannover%2C+Niedersachsen&isSearchRequest=true&ll=52.3720683%2C9.7356861&maxMileage=100000&maxPrice=150000&minFirstRegistrationDate=2010&pageNumber=1&rd=100&readyToDrive=ONLY_READY_TO_DRIVE&scopeId=C&sfmr=false&sortOption.sortBy=creationTime&sortOption.sortOrder=DESCENDING&usage=USED&withImage=true&searchId=418d2a35-91d8-778d-eeec-071fcd7b8258,Dacia Duster 1.3 Tce Prestige/Navi/Klimaauto/Kamera,17.480 €,,SUV / Geländewagen / Pickup,EU-Ausführung,"6,0 l/100km (kombiniert)*
7,3 l/100km (innerorts)*
5,3 l/100km (außerorts)*",1.128 km,1.300 cm³,110 kW (150 PS),Benzin,138 g/km (kombiniert)*,1,5,4/5,Schaltgetriebe,Euro6d-TEMP,4 (Grün),12/2019,Neu,Klimaautomatik,2019,"Hinten, Kamera",Front- und Seiten-Airbags,Cosmo Blau Metallic,Blau Metallic,"Stoff, Schwarz",https://i.ebayimg.com/00/s/NzY3WDEwMjQ=/z/tWkAAOSwZ-ReX~jQ/$_57.jpg,https://i.ebayimg.com/00/s/NzY3WDEwMjQ=/z/UbUAAOSwJx1eX~jP/$_57.jpg,https://i.ebayimg.com/00/s/NzY3WDEwMjQ=/z/PGEAAOSw69BeX~jP/$_57.jpg,https://i.ebayimg.com/00/s/NzY3WDEwMjQ=/z/tOQAAOSwt3teX~jQ/$_57.jpg,https://i.ebayimg.com/00/s/NzY3WDEwMjQ=/z/9sMAAOSwb5leX~jQ/$_57.jpg,https://i.ebayimg.com/00/s/NzY3WDEwMjQ=/z/YcEAAOSw7dReX~jQ/$_57.jpg,https://i.ebayimg.com/00/s/NzY3WDEwMjQ=/z/DJ0AAOSwIuNeX~jP/$_57.jpg,https://i.ebayimg.com/00/s/NzY3WDEwMjQ=/z/ZF4AAOSw0P5eX~jP/$_57.jpg,https://i.ebayimg.com/00/s/NzY3WDEwMjQ=/z/ZF4AAOSw0P5eX~jP/$_57.jpg,https://i.ebayimg.com/00/s/NzY3WDEwMjQ=/z/zGIAAOSwPwVeX~jQ/$_57.jpg,https://i.ebayimg.com/00/s/NzY3WDEwMjQ=/z/iFkAAOSwSQheX~jP/$_57.jpg,https://i.ebayimg.com/00/s/NzY3WDEwMjQ=/z/ThcAAOSwgnteX~jP/$_57.jpg,"Armlehne
Bluetooth
Bordcomputer
Elektr. Fensterheber
Elektr. Seitenspiegel
Elektr. Wegfahrsperre
ESP
Freisprecheinrichtung
Garantie
Isofix
Leichtmetallfelgen
Lichtsensor
Multifunktionslenkrad
Navigationssystem
Nichtraucher-Fahrzeug
Radio DAB
Scheckheftgepflegt
Servolenkung
Start/Stopp-Automatik
Tagfahrlicht
Tempomat
Totwinkel-Assistent
Traktionskontrolle
Tuner/Radio
USB
Zentralverriegelung",Ernst Dello GmbH & Co. KG Bremen am Flughafen,28199,Bremen,Neuenlander Strasse 93,+49 (0)421 9897604071,4.9,6,09.04.2020
https://suchen.mobile.de/fahrzeuge/details.html?id=295736465&adLimitation=ONLY_DEALER_ADS&categories=EstateCar&categories=Limousine&categories=OffRoad&categories=SmallCar&cn=DE&damageUnrepaired=NO_DAMAGE_UNREPAIRED&export=NO_EXPORT&features=FULL_SERVICE_HISTORY&features=NONSMOKER_VEHICLE&features=WARRANTY&fuels=PETROL&gn=Hannover%2C+Niedersachsen&isSearchRequest=true&ll=52.3720683%2C9.7356861&maxMileage=100000&maxPrice=150000&minFirstRegistrationDate=2010&pageNumber=1&rd=100&readyToDrive=ONLY_READY_TO_DRIVE&scopeId=C&sfmr=false&sortOption.sortBy=creationTime&sortOption.sortOrder=DESCENDING&usage=USED&withImage=true&fnai=next&searchId=418d2a35-91d8-778d-eeec-071fcd7b8258,Citroën C3 Aircross Shine Klimaautom/Navi/Parkpilot,15.480 €,,SUV / Geländewagen / Pickup,EU-Ausführung,"4,4 l/100km (kombiniert)*
5,0 l/100km (innerorts)*
4,0 l/100km (außerorts)*",1.572 km,1.200 cm³,61 kW (83 PS),Benzin,116 g/km (kombiniert)*,1,5,4/5,Schaltgetriebe,Euro6,4 (Grün),09/2019,Neu,Klimaautomatik,2019,Hinten,"Front-, Seiten- und weitere Airbags",Weiß,Weiß,"Stoff, Schwarz",https://i.ebayimg.com/00/s/NzY3WDEwMjQ=/z/0bsAAOSwbBxec3jj/$_57.jpg,https://i.ebayimg.com/00/s/NzY3WDEwMjQ=/z/bioAAOSwhEdec3jj/$_57.jpg,https://i.ebayimg.com/00/s/NzY3WDEwMjQ=/z/NhUAAOSwcIxec3jl/$_57.jpg,https://i.ebayimg.com/00/s/NzY3WDEwMjQ=/z/skAAAOSwwolec3jj/$_57.jpg,https://i.ebayimg.com/00/s/NzY3WDEwMjQ=/z/kn0AAOSwJD9ec3jj/$_57.jpg,https://i.ebayimg.com/00/s/NzY3WDEwMjQ=/z/MEYAAOSwUdZec3jj/$_57.jpg,https://i.ebayimg.com/00/s/NzY3WDEwMjQ=/z/rW4AAOSwWbNec3jj/$_57.jpg,https://i.ebayimg.com/00/s/NzY3WDEwMjQ=/z/g0oAAOSwvNpec3jj/$_57.jpg,https://i.ebayimg.com/00/s/NzY3WDEwMjQ=/z/g0oAAOSwvNpec3jj/$_57.jpg,https://i.ebayimg.com/00/s/NzY3WDEwMjQ=/z/l1MAAOSw76hec3jj/$_57.jpg,https://i.ebayimg.com/00/s/NzY3WDEwMjQ=/z/7nUAAOSwCnpec3jj/$_57.jpg,https://i.ebayimg.com/00/s/NzY3WDEwMjQ=/z/KW0AAOSwoPZec3jj/$_57.jpg,"ABS
Android Auto
Apple CarPlay
Berganfahrassistent
Bluetooth
Bordcomputer
Dachreling
Elektr. Fensterheber
Elektr. Seitenspiegel
Elektr. Wegfahrsperre
ESP
Freisprecheinrichtung
Garantie
Innenspiegel autom. abblendend
Isofix
Lederlenkrad
LED-Tagfahrlicht
Leichtmetallfelgen
Müdigkeitswarner
Multifunktionslenkrad
Navigationssystem
Nebelscheinwerfer
Nichtraucher-Fahrzeug
Pannenkit
Reifendruckkontrolle
Scheckheftgepflegt
Servolenkung
Spurhalteassistent
Tempomat
Touchscreen
Tuner/Radio
USB
Verkehrszeichenerkennung
Volldigitales Kombiinstrument
Zentralverriegelung",Ernst Dello GmbH & Co. KG Bremen am Flughafen,28199,Bremen,Neuenlander Strasse 93,+49 (0)421 9897604086,4.9,6,09.04.2020
https://suchen.mobile.de/fahrzeuge/details.html?id=294709126&adLimitation=ONLY_DEALER_ADS&categories=EstateCar&categories=Limousine&categories=OffRoad&categories=SmallCar&cn=DE&damageUnrepaired=NO_DAMAGE_UNREPAIRED&export=NO_EXPORT&features=FULL_SERVICE_HISTORY&features=NONSMOKER_VEHICLE&features=WARRANTY&fuels=PETROL&gn=Hannover%2C+Niedersachsen&isSearchRequest=true&ll=52.3720683%2C9.7356861&maxMileage=100000&maxPrice=150000&minFirstRegistrationDate=2010&pageNumber=2&rd=100&readyToDrive=ONLY_READY_TO_DRIVE&scopeId=C&sfmr=false&sortOption.sortBy=creationTime&sortOption.sortOrder=DESCENDING&usage=USED&withImage=true&fnai=prev&searchId=795e5d23-aab3-9d01-efed-6e54bb17c2d8,Dacia Duster 1.3 Tce Prestige/Navi/Klimaauto/Kamera,17.480 €,,SUV / Geländewagen / Pickup,EU-Ausführung,"6,0 l/100km (kombiniert)*
7,3 l/100km (innerorts)*
5,3 l/100km (außerorts)*",1.128 km,1.300 cm³,110 kW (150 PS),Benzin,138 g/km (kombiniert)*,1,5,4/5,Schaltgetriebe,Euro6d-TEMP,4 (Grün),12/2019,Neu,Klimaautomatik,2019,"Hinten, Kamera",Front- und Seiten-Airbags,Cosmo Blau Metallic,Blau Metallic,"Stoff, Schwarz",https://i.ebayimg.com/00/s/NzY3WDEwMjQ=/z/tWkAAOSwZ-ReX~jQ/$_57.jpg,https://i.ebayimg.com/00/s/NzY3WDEwMjQ=/z/UbUAAOSwJx1eX~jP/$_57.jpg,https://i.ebayimg.com/00/s/NzY3WDEwMjQ=/z/PGEAAOSw69BeX~jP/$_57.jpg,https://i.ebayimg.com/00/s/NzY3WDEwMjQ=/z/tOQAAOSwt3teX~jQ/$_57.jpg,https://i.ebayimg.com/00/s/NzY3WDEwMjQ=/z/9sMAAOSwb5leX~jQ/$_57.jpg,https://i.ebayimg.com/00/s/NzY3WDEwMjQ=/z/YcEAAOSw7dReX~jQ/$_57.jpg,https://i.ebayimg.com/00/s/NzY3WDEwMjQ=/z/DJ0AAOSwIuNeX~jP/$_57.jpg,https://i.ebayimg.com/00/s/NzY3WDEwMjQ=/z/ZF4AAOSw0P5eX~jP/$_57.jpg,https://i.ebayimg.com/00/s/NzY3WDEwMjQ=/z/ZF4AAOSw0P5eX~jP/$_57.jpg,https://i.ebayimg.com/00/s/NzY3WDEwMjQ=/z/zGIAAOSwPwVeX~jQ/$_57.jpg,https://i.ebayimg.com/00/s/NzY3WDEwMjQ=/z/iFkAAOSwSQheX~jP/$_57.jpg,https://i.ebayimg.com/00/s/NzY3WDEwMjQ=/z/ThcAAOSwgnteX~jP/$_57.jpg,"Armlehne
Bluetooth
Bordcomputer
Elektr. Fensterheber
Elektr. Seitenspiegel
Elektr. Wegfahrsperre
ESP
Freisprecheinrichtung
Garantie
Isofix
Leichtmetallfelgen
Lichtsensor
Multifunktionslenkrad
Navigationssystem
Nichtraucher-Fahrzeug
Radio DAB
Scheckheftgepflegt
Servolenkung
Start/Stopp-Automatik
Tagfahrlicht
Tempomat
Totwinkel-Assistent
Traktionskontrolle
Tuner/Radio
USB
Zentralverriegelung",Ernst Dello GmbH & Co. KG Bremen am Flughafen,28199,Bremen,Neuenlander Strasse 93,+49 (0)421 9897604071,4.9,6,09.04.2020
https://suchen.mobile.de/fahrzeuge/details.html?id=295736465&adLimitation=ONLY_DEALER_ADS&categories=EstateCar&categories=Limousine&categories=OffRoad&categories=SmallCar&cn=DE&damageUnrepaired=NO_DAMAGE_UNREPAIRED&export=NO_EXPORT&features=FULL_SERVICE_HISTORY&features=NONSMOKER_VEHICLE&features=WARRANTY&fuels=PETROL&gn=Hannover%2C+Niedersachsen&isSearchRequest=true&ll=52.3720683%2C9.7356861&maxMileage=100000&maxPrice=150000&minFirstRegistrationDate=2010&pageNumber=2&rd=100&readyToDrive=ONLY_READY_TO_DRIVE&scopeId=C&sfmr=false&sortOption.sortBy=creationTime&sortOption.sortOrder=DESCENDING&usage=USED&withImage=true&searchId=795e5d23-aab3-9d01-efed-6e54bb17c2d8,Citroën C3 Aircross Shine Klimaautom/Navi/Parkpilot,15.480 €,,SUV / Geländewagen / Pickup,EU-Ausführung,"4,4 l/100km (kombiniert)*
5,0 l/100km (innerorts)*
4,0 l/100km (außerorts)*",1.572 km,1.200 cm³,61 kW (83 PS),Benzin,116 g/km (kombiniert)*,1,5,4/5,Schaltgetriebe,Euro6,4 (Grün),09/2019,Neu,Klimaautomatik,2019,Hinten,"Front-, Seiten- und weitere Airbags",Weiß,Weiß,"Stoff, Schwarz",https://i.ebayimg.com/00/s/NzY3WDEwMjQ=/z/0bsAAOSwbBxec3jj/$_57.jpg,https://i.ebayimg.com/00/s/NzY3WDEwMjQ=/z/bioAAOSwhEdec3jj/$_57.jpg,https://i.ebayimg.com/00/s/NzY3WDEwMjQ=/z/NhUAAOSwcIxec3jl/$_57.jpg,https://i.ebayimg.com/00/s/NzY3WDEwMjQ=/z/skAAAOSwwolec3jj/$_57.jpg,https://i.ebayimg.com/00/s/NzY3WDEwMjQ=/z/kn0AAOSwJD9ec3jj/$_57.jpg,https://i.ebayimg.com/00/s/NzY3WDEwMjQ=/z/MEYAAOSwUdZec3jj/$_57.jpg,https://i.ebayimg.com/00/s/NzY3WDEwMjQ=/z/rW4AAOSwWbNec3jj/$_57.jpg,https://i.ebayimg.com/00/s/NzY3WDEwMjQ=/z/g0oAAOSwvNpec3jj/$_57.jpg,https://i.ebayimg.com/00/s/NzY3WDEwMjQ=/z/g0oAAOSwvNpec3jj/$_57.jpg,https://i.ebayimg.com/00/s/NzY3WDEwMjQ=/z/l1MAAOSw76hec3jj/$_57.jpg,https://i.ebayimg.com/00/s/NzY3WDEwMjQ=/z/7nUAAOSwCnpec3jj/$_57.jpg,https://i.ebayimg.com/00/s/NzY3WDEwMjQ=/z/KW0AAOSwoPZec3jj/$_57.jpg,"ABS
Android Auto
Apple CarPlay
Berganfahrassistent
Bluetooth
Bordcomputer
Dachreling
Elektr. Fensterheber
Elektr. Seitenspiegel
Elektr. Wegfahrsperre
ESP
Freisprecheinrichtung
Garantie
Innenspiegel autom. abblendend
Isofix
Lederlenkrad
LED-Tagfahrlicht
Leichtmetallfelgen
Müdigkeitswarner
Multifunktionslenkrad
Navigationssystem
Nebelscheinwerfer
Nichtraucher-Fahrzeug
Pannenkit
Reifendruckkontrolle
Scheckheftgepflegt
Servolenkung
Spurhalteassistent
Tempomat
Touchscreen
Tuner/Radio
USB
Verkehrszeichenerkennung
Volldigitales Kombiinstrument
Zentralverriegelung",Ernst Dello GmbH & Co. KG Bremen am Flughafen,28199,Bremen,Neuenlander Strasse 93,+49 (0)421 9897604086,4.9,6,09.04.2020
https://suchen.mobile.de/fahrzeuge/details.html?id=296898503&adLimitation=ONLY_DEALER_ADS&categories=EstateCar&categories=Limousine&categories=OffRoad&categories=SmallCar&cn=DE&damageUnrepaired=NO_DAMAGE_UNREPAIRED&export=NO_EXPORT&features=FULL_SERVICE_HISTORY&features=NONSMOKER_VEHICLE&features=WARRANTY&fuels=PETROL&gn=Hannover%2C+Niedersachsen&isSearchRequest=true&ll=52.3720683%2C9.7356861&maxMileage=100000&maxPrice=150000&minFirstRegistrationDate=2010&pageNumber=2&rd=100&readyToDrive=ONLY_READY_TO_DRIVE&scopeId=C&sfmr=false&sortOption.sortBy=creationTime&sortOption.sortOrder=DESCENDING&usage=USED&withImage=true&searchId=795e5d23-aab3-9d01-efed-6e54bb17c2d8,BMW 750i ActiveHybrid 7*Keyless*Night-Vision*Nappa,23.990 €,Unfallfrei,Limousine,Deutsche Ausführung,"ca. 9,4 l/100km (kombiniert)
ca. 12,6 l/100km (innerorts)
ca. 7,6 l/100km (außerorts)",74.000 km,4.395 cm³,330 kW (449 PS),Benzin,,2,5,4/5,Automatik,,4 (Grün),09/2010,Neu,4-Zonen-Klimaautomatik,,"Vorne, Hinten, Kamera","Front-, Seiten- und weitere Airbags",BLACK SAPPHIRE METALLIC,Schwarz Metallic,"Vollleder, Beige",https://i.ebayimg.com/00/s/MTEyOFgxNjAw/z/8ewAAOSwBYtejwbd/$_57.jpg,https://i.ebayimg.com/00/s/ODY4WDE2MDA=/z/kIAAAOSwz2Vejwbf/$_57.jpg,https://i.ebayimg.com/00/s/MTIwMFgxNjAw/z/hTUAAOSwSshejwbi/$_57.jpg,https://i.ebayimg.com/00/s/MTIwMFgxNjAw/z/M1QAAOSwmjdejwbk/$_57.jpg,https://i.ebayimg.com/00/s/MTIwMFgxNjAw/z/noMAAOSwvVZejwbn/$_57.jpg,https://i.ebayimg.com/00/s/MTIwMFgxNjAw/z/M1kAAOSwmjdejwbq/$_57.jpg,,,,,,,"ABS
Adaptives Kurvenlicht
Alarmanlage
Ambiente-Beleuchtung
Armlehne
Beheizbare Frontscheibe
Bi-Xenon Scheinwerfer
Blendfreies Fernlicht
Bluetooth
Bordcomputer
CD-Spieler
Elektr. Fensterheber
Elektr. Heckklappe
Elektr. Seitenspiegel
Elektr. Sitzeinstellung
Elektr. Wegfahrsperre
ESP
Fernlichtassistent
Freisprecheinrichtung
Garantie
Head-Up Display
Innenspiegel autom. abblendend
Isofix
Lederlenkrad
Leichtmetallfelgen
Lichtsensor
Lordosenstütze
Multifunktionslenkrad
Nachtsicht-Assistent
Navigationssystem
Nebelscheinwerfer
Nichtraucher-Fahrzeug
Notrufsystem
Pannenkit
Raucherpaket
Regensensor
Reifendruckkontrolle
Scheckheftgepflegt
Scheinwerferreinigung
Schiebedach
Schlüssellose Zentralverriegelung
Servolenkung
Sitzheizung
Skisack
Sommerreifen
Soundsystem
Sprachsteuerung
Spurhalteassistent
Tagfahrlicht
Tempomat
Traktionskontrolle
Tuner/Radio
TV
USB
Verkehrszeichenerkennung
Winterpaket
Zentralverriegelung",Frei Automobile GbR,30880,Laatzen,Lübecker Str. 3,+49 (0)5102 795990128,4.9,52,09.04.2020
https://suchen.mobile.de/fahrzeuge/details.html?id=296897932&adLimitation=ONLY_DEALER_ADS&categories=EstateCar&categories=Limousine&categories=OffRoad&categories=SmallCar&cn=DE&damageUnrepaired=NO_DAMAGE_UNREPAIRED&export=NO_EXPORT&features=FULL_SERVICE_HISTORY&features=NONSMOKER_VEHICLE&features=WARRANTY&fuels=PETROL&gn=Hannover%2C+Niedersachsen&isSearchRequest=true&ll=52.3720683%2C9.7356861&maxMileage=100000&maxPrice=150000&minFirstRegistrationDate=2010&pageNumber=2&rd=100&readyToDrive=ONLY_READY_TO_DRIVE&scopeId=C&sfmr=false&sortOption.sortBy=creationTime&sortOption.sortOrder=DESCENDING&usage=USED&withImage=true&searchId=795e5d23-aab3-9d01-efed-6e54bb17c2d8,Jaguar XF S AWD HeadUp TouchPro Memory LED ACC Keyless,35.990 €,,Limousine,Deutsche Ausführung,"ca. 8,6 l/100km (kombiniert)
ca. 11,9 l/100km (innerorts)
ca. 6,7 l/100km (außerorts)",42.200 km,2.995 cm³,280 kW (381 PS),"Benzin, E10-geeignet",ca. 204 g/km (kombiniert),1,5,4/5,Automatik,Euro6,4 (Grün),07/2016,Neu,2-Zonen-Klimaautomatik,2016,"Vorne, Hinten, Selbstlenkende Systeme, 360°-Kamera","Front-, Seiten- und weitere Airbags",Cosmic Black,Schwarz Metallic,"Teilleder, Schwarz",https://i.ebayimg.com/00/s/NzY4WDEwMjQ=/z/h2gAAOSwZNleRwP1/$_57.jpg,https://i.ebayimg.com/00/s/NzY4WDEwMjQ=/z/H8cAAOSwni1ejwPi/$_57.jpg,,,,,,,,,,,"ABS
Abstandstempomat
Adaptives Kurvenlicht
Alarmanlage
Allradantrieb
Ambiente-Beleuchtung
Armlehne
Beheizbare Frontscheibe
Beheizbares Lenkrad
Berganfahrassistent
Bluetooth
Bordcomputer
CD-Spieler
Elektr. Fensterheber
Elektr. Heckklappe
Elektr. Seitenspiegel
Elektr. Sitzeinstellung
Elektr. Wegfahrsperre
ESP
Fernlichtassistent
Freisprecheinrichtung
Garantie
Geschwindigkeitsbegrenzer
Head-Up Display
Innenspiegel autom. abblendend
Isofix
Lederlenkrad
LED-Scheinwerfer
LED-Tagfahrlicht
Leichtmetallfelgen
Lichtsensor
Müdigkeitswarner
Multifunktionslenkrad
Musikstreaming integriert
Navigationssystem
Nichtraucher-Fahrzeug
Notbremsassistent
Notrufsystem
Pannenkit
Partikelfilter
Regensensor
Reifendruckkontrolle
Schaltwippen
Scheckheftgepflegt
Scheinwerferreinigung
Schlüssellose Zentralverriegelung
Servolenkung
Sitzheizung
Sitzheizung hinten
Soundsystem
Sportfahrwerk
Sportpaket
Sportsitze
Spurhalteassistent
Standheizung
Start/Stopp-Automatik
Totwinkel-Assistent
Touchscreen
Traktionskontrolle
Tuner/Radio
USB
Verkehrszeichenerkennung
Volldigitales Kombiinstrument
Winterpaket
Zentralverriegelung",Glinicke British Cars Göttingen GmbH & Co.KG,37077,Göttingen,Große Breite 3,+49 (0)551 2707575163,4.7,27,09.04.2020
https://suchen.mobile.de/fahrzeuge/details.html?id=295342224&adLimitation=ONLY_DEALER_ADS&categories=EstateCar&categories=Limousine&categories=OffRoad&categories=SmallCar&cn=DE&damageUnrepaired=NO_DAMAGE_UNREPAIRED&export=NO_EXPORT&features=FULL_SERVICE_HISTORY&features=NONSMOKER_VEHICLE&features=WARRANTY&fuels=PETROL&gn=Hannover%2C+Niedersachsen&isSearchRequest=true&ll=52.3720683%2C9.7356861&maxMileage=100000&maxPrice=150000&minFirstRegistrationDate=2010&pageNumber=2&rd=100&readyToDrive=ONLY_READY_TO_DRIVE&scopeId=C&sfmr=false&sortOption.sortBy=creationTime&sortOption.sortOrder=DESCENDING&usage=USED&withImage=true&searchId=795e5d23-aab3-9d01-efed-6e54bb17c2d8,"Suzuki Vitara 1.4 Boosterjet Comfort ""Sonderaktion"" 6JG",19.990 €,Unfallfrei,"SUV / Geländewagen / Pickup, Vorführfahrzeug",Deutsche Ausführung,"5,8 l/100km (kombiniert)*
6,9 l/100km (innerorts)*
5,1 l/100km (außerorts)*",1.000 km,1.373 cm³,103 kW (140 PS),"Benzin, E10-geeignet",131 g/km (kombiniert)*,1,5,4/5,Schaltgetriebe,Euro6d-TEMP,4 (Grün),03/2020,Neu,Klimaautomatik,,Kamera,"Front-, Seiten- und weitere Airbags",Savannah Ivory/Cosmic Black Pear,Beige Metallic,"Stoff, Schwarz",https://i.ebayimg.com/00/s/MTIwMFgxNjAw/z/AGMAAOSwjqxecL-M/$_57.jpg,https://i.ebayimg.com/00/s/MTIwMFgxNjAw/z/rP4AAOSwxeVecL-M/$_57.jpg,https://i.ebayimg.com/00/s/MTIwMFgxNjAw/z/3xIAAOSwBP1ecMBW/$_57.jpg,https://i.ebayimg.com/00/s/MTIwMFgxNjAw/z/iEgAAOSwqkxecMBW/$_57.jpg,https://i.ebayimg.com/00/s/MTIwMFgxNjAw/z/xV8AAOSwd5FecMCB/$_57.jpg,https://i.ebayimg.com/00/s/MTIwMFgxNjAw/z/-FsAAOSwZ3JecMDF/$_57.jpg,https://i.ebayimg.com/00/s/MTIwMFgxNjAw/z/NIwAAOSw5eRecMDF/$_57.jpg,https://i.ebayimg.com/00/s/MTIwMFgxNjAw/z/Xx8AAOSw7SZecMG0/$_57.jpg,https://i.ebayimg.com/00/s/MTIwMFgxNjAw/z/Xx8AAOSw7SZecMG0/$_57.jpg,https://i.ebayimg.com/00/s/MTIwMFgxNjAw/z/DdQAAOSwXjxecMHq/$_57.jpg,https://i.ebayimg.com/00/s/MTIwMFgxNjAw/z/pzkAAOSwFflecMHp/$_57.jpg,https://i.ebayimg.com/00/s/MTIwMFgxNjAw/z/DP4AAOSwCH9d82n~/$_57.jpg,"ABS
Alarmanlage
Armlehne
Bluetooth
Bordcomputer
Dachreling
Elektr. Fensterheber
Elektr. Seitenspiegel
Elektr. Wegfahrsperre
ESP
Freisprecheinrichtung
Garantie
Gepäckraumabtrennung
Geschwindigkeitsbegrenzer
Isofix
Lederlenkrad
LED-Tagfahrlicht
Leichtmetallfelgen
Multifunktionslenkrad
Navigationssystem
Nebelscheinwerfer
Nichtraucher-Fahrzeug
Radio DAB
Reifendruckkontrolle
Scheckheftgepflegt
Servolenkung
Sitzheizung
Sommerreifen
Start/Stopp-Automatik
Tempomat
Touchscreen
Tuner/Radio
USB
Volldigitales Kombiinstrument
Zentralverriegelung",Autohaus Weitkamp GmbH,32312,Lübbecke,Am Dornbusch 2,+49 (0)5741 237952427,4.3,3,09.04.2020
https://suchen.mobile.de/fahrzeuge/details.html?id=296897701&adLimitation=ONLY_DEALER_ADS&categories=EstateCar&categories=Limousine&categories=OffRoad&categories=SmallCar&cn=DE&damageUnrepaired=NO_DAMAGE_UNREPAIRED&export=NO_EXPORT&features=FULL_SERVICE_HISTORY&features=NONSMOKER_VEHICLE&features=WARRANTY&fuels=PETROL&gn=Hannover%2C+Niedersachsen&isSearchRequest=true&ll=52.3720683%2C9.7356861&maxMileage=100000&maxPrice=150000&minFirstRegistrationDate=2010&pageNumber=2&rd=100&readyToDrive=ONLY_READY_TO_DRIVE&scopeId=C&sfmr=false&sortOption.sortBy=creationTime&sortOption.sortOrder=DESCENDING&usage=USED&withImage=true&searchId=795e5d23-aab3-9d01-efed-6e54bb17c2d8,"Mazda CX-5 Kangei 2WD,360°Kamera,Elektr.Heckklappe uvm",26.990 €,Unfallfrei,"SUV / Geländewagen / Pickup, Vorführfahrzeug",Deutsche Ausführung,"6,4 l/100km (kombiniert)*
7,7 l/100km (innerorts)*
5,6 l/100km (außerorts)*",20 km,1.998 cm³,121 kW (165 PS),Benzin,146 g/km (kombiniert)*,,5,4/5,Schaltgetriebe,Euro6d-TEMP,4 (Grün),12/2019,12/2022,Klimaautomatik,,"Vorne, Hinten, 360°-Kamera","Front-, Seiten- und weitere Airbags",Jet Black,Schwarz Metallic,"Stoff, Schwarz",https://i.ebayimg.com/00/s/NDgwWDY0MA==/z/FgwAAOSwqw5ejwK5/$_57.jpg,https://i.ebayimg.com/00/s/NDgwWDY0MA==/z/JCcAAOSwsG9ejwK5/$_57.jpg,https://i.ebayimg.com/00/s/NDgwWDY0MA==/z/bEcAAOSwf1RejwK4/$_57.jpg,https://i.ebayimg.com/00/s/NDgwWDY0MA==/z/kXkAAOSwiFFejwK5/$_57.jpg,https://i.ebayimg.com/00/s/NDgwWDY0MA==/z/B0oAAOSwYbNejwK4/$_57.jpg,https://i.ebayimg.com/00/s/NDgwWDY0MA==/z/zQcAAOSwp2hejwK4/$_57.jpg,https://i.ebayimg.com/00/s/NDgwWDY0MA==/z/QUsAAOSwrgFejwK4/$_57.jpg,https://i.ebayimg.com/00/s/NDgwWDY0MA==/z/MJEAAOSwW35ejwK4/$_57.jpg,https://i.ebayimg.com/00/s/NDgwWDY0MA==/z/MJEAAOSwW35ejwK4/$_57.jpg,https://i.ebayimg.com/00/s/NDgwWDY0MA==/z/ERIAAOSwhHlejwK5/$_57.jpg,https://i.ebayimg.com/00/s/NDgwWDY0MA==/z/t9UAAOSwtpBejwK4/$_57.jpg,https://i.ebayimg.com/00/s/NDgwWDY0MA==/z/zsYAAOSwxbpejwK4/$_57.jpg,"ABS
Abstandswarner
Adaptives Kurvenlicht
Android Auto
Apple CarPlay
Armlehne
Beheizbares Lenkrad
Berganfahrassistent
Blendfreies Fernlicht
Bluetooth
Bordcomputer
CD-Spieler
Elektr. Fensterheber
Elektr. Heckklappe
Elektr. Seitenspiegel
Elektr. Wegfahrsperre
ESP
Fernlichtassistent
Freisprecheinrichtung
Garantie
Head-Up Display
Innenspiegel autom. abblendend
Isofix
Lederlenkrad
LED-Scheinwerfer
LED-Tagfahrlicht
Leichtmetallfelgen
Lichtsensor
Lordosenstütze
Müdigkeitswarner
Multifunktionslenkrad
Musikstreaming integriert
Navigationssystem
Nebelscheinwerfer
Nichtraucher-Fahrzeug
Notbremsassistent
Radio DAB
Regensensor
Reifendruckkontrolle
Scheckheftgepflegt
Scheinwerferreinigung
Servolenkung
Sitzheizung
Sommerreifen
Sprachsteuerung
Spurhalteassistent
Start/Stopp-Automatik
Tempomat
Totwinkel-Assistent
Touchscreen
Traktionskontrolle
Tuner/Radio
USB
Verkehrszeichenerkennung
Zentralverriegelung",Mattern GmbH,32120,Hiddenhausen,Bünder Str. 1,+49 (0)5221 120998709,,,09.04.2020
https://suchen.mobile.de/fahrzeuge/details.html?id=296896925&adLimitation=ONLY_DEALER_ADS&categories=EstateCar&categories=Limousine&categories=OffRoad&categories=SmallCar&cn=DE&damageUnrepaired=NO_DAMAGE_UNREPAIRED&export=NO_EXPORT&features=FULL_SERVICE_HISTORY&features=NONSMOKER_VEHICLE&features=WARRANTY&fuels=PETROL&gn=Hannover%2C+Niedersachsen&isSearchRequest=true&ll=52.3720683%2C9.7356861&maxMileage=100000&maxPrice=150000&minFirstRegistrationDate=2010&pageNumber=2&rd=100&readyToDrive=ONLY_READY_TO_DRIVE&scopeId=C&sfmr=false&sortOption.sortBy=creationTime&sortOption.sortOrder=DESCENDING&usage=USED&withImage=true&searchId=795e5d23-aab3-9d01-efed-6e54bb17c2d8,Volkswagen Golf Highline 1.4 TSI R LINE PANO NAVI GRA XENON,15.480 €,,Limousine,Deutsche Ausführung,"ca. 5,1 l/100km (kombiniert)
ca. 6,3 l/100km (innerorts)
ca. 4,5 l/100km (außerorts)",32.167 km,1.395 cm³,110 kW (150 PS),Benzin,ca. 118 g/km (kombiniert),1,5,2/3,Schaltgetriebe,Euro6,4 (Grün),10/2016,10/2021,2-Zonen-Klimaautomatik,2016,"Vorne, Hinten","Front-, Seiten- und weitere Airbags",deep black perleffekt (schwarz),Schwarz Metallic,"Teilleder, Schwarz",https://i.ebayimg.com/00/s/NzY1WDEwMjQ=/z/peMAAOSw-Q5ejv~W/$_57.jpg,https://i.ebayimg.com/00/s/NzY4WDEwMjQ=/z/7zkAAOSwNeFeaB2R/$_57.jpg,https://i.ebayimg.com/00/s/NzY4WDEwMjQ=/z/F80AAOSwboFeaB2R/$_57.jpg,https://i.ebayimg.com/00/s/NzY4WDEwMjQ=/z/2hAAAOSwpjheaB2R/$_57.jpg,,,,,,,,,"ABS
Ambiente-Beleuchtung
Bordcomputer
Elektr. Fensterheber
Elektr. Seitenspiegel
Elektr. Wegfahrsperre
ESP
Fernlichtassistent
Garantie
Isofix
Kurvenlicht
Lichtsensor
Müdigkeitswarner
Navigationssystem
Nebelscheinwerfer
Nichtraucher-Fahrzeug
Regensensor
Reifendruckkontrolle
Scheckheftgepflegt
Scheinwerferreinigung
Servolenkung
Sitzheizung
Sportsitze
Start/Stopp-Automatik
Tagfahrlicht
Tempomat
Touchscreen
Traktionskontrolle
Tuner/Radio
USB
Zentralverriegelung","Senger Bielefeld GmbH, Audi Zentrum Bielefeld",33609,Bielefeld,Eckendorferstr. 23,+49 (0)521 1639465514,4.4,10,09.04.2020
https://suchen.mobile.de/fahrzeuge/details.html?id=296896892&adLimitation=ONLY_DEALER_ADS&categories=EstateCar&categories=Limousine&categories=OffRoad&categories=SmallCar&cn=DE&damageUnrepaired=NO_DAMAGE_UNREPAIRED&export=NO_EXPORT&features=FULL_SERVICE_HISTORY&features=NONSMOKER_VEHICLE&features=WARRANTY&fuels=PETROL&gn=Hannover%2C+Niedersachsen&isSearchRequest=true&ll=52.3720683%2C9.7356861&maxMileage=100000&maxPrice=150000&minFirstRegistrationDate=2010&pageNumber=2&rd=100&readyToDrive=ONLY_READY_TO_DRIVE&scopeId=C&sfmr=false&sortOption.sortBy=creationTime&sortOption.sortOrder=DESCENDING&usage=USED&withImage=true&searchId=795e5d23-aab3-9d01-efed-6e54bb17c2d8,Audi A1 Sportback Design 1.0 TFSI S tr. KLIMA MEDIA P,14.880 €,,Limousine,Deutsche Ausführung,"ca. 4,4 l/100km (kombiniert)
ca. 5,4 l/100km (innerorts)
ca. 3,8 l/100km (außerorts)",17.710 km,999 cm³,70 kW (95 PS),Benzin,ca. 102 g/km (kombiniert),1,5,4/5,Automatik,Euro6,4 (Grün),09/2016,09/2021,Klimaautomatik,2016,Hinten,"Front-, Seiten- und weitere Airbags",mythosschwarz metallic,Schwarz Metallic,"Stoff, Schwarz",https://i.ebayimg.com/00/s/NzY1WDEwMjQ=/z/C6IAAOSw-AFejv~W/$_57.jpg,https://i.ebayimg.com/00/s/NzY4WDEwMjQ=/z/7zkAAOSwNeFeaB2R/$_57.jpg,https://i.ebayimg.com/00/s/NzY4WDEwMjQ=/z/F80AAOSwboFeaB2R/$_57.jpg,https://i.ebayimg.com/00/s/NzY4WDEwMjQ=/z/2hAAAOSwpjheaB2R/$_57.jpg,,,,,,,,,"ABS
Allwetterreifen
Armlehne
Berganfahrassistent
Bluetooth
Bordcomputer
Elektr. Fensterheber
Elektr. Seitenspiegel
Elektr. Wegfahrsperre
ESP
Freisprecheinrichtung
Garantie
Isofix
Lederlenkrad
Lichtsensor
Lordosenstütze
Multifunktionslenkrad
Nebelscheinwerfer
Nichtraucher-Fahrzeug
Pannenkit
Regensensor
Reifendruckkontrolle
Scheckheftgepflegt
Servolenkung
Sitzheizung
Soundsystem
Sportsitze
Sprachsteuerung
Start/Stopp-Automatik
Tagfahrlicht
Traktionskontrolle
Tuner/Radio
Zentralverriegelung","Senger Bielefeld GmbH, Audi Zentrum Bielefeld",33609,Bielefeld,Eckendorferstr. 23,+49 (0)521 1639464239,4.4,10,09.04.2020
https://suchen.mobile.de/fahrzeuge/details.html?id=296896212&adLimitation=ONLY_DEALER_ADS&categories=EstateCar&categories=Limousine&categories=OffRoad&categories=SmallCar&cn=DE&damageUnrepaired=NO_DAMAGE_UNREPAIRED&export=NO_EXPORT&features=FULL_SERVICE_HISTORY&features=NONSMOKER_VEHICLE&features=WARRANTY&fuels=PETROL&gn=Hannover%2C+Niedersachsen&isSearchRequest=true&ll=52.3720683%2C9.7356861&maxMileage=100000&maxPrice=150000&minFirstRegistrationDate=2010&pageNumber=2&rd=100&readyToDrive=ONLY_READY_TO_DRIVE&scopeId=C&sfmr=false&sortOption.sortBy=creationTime&sortOption.sortOrder=DESCENDING&usage=USED&withImage=true&searchId=795e5d23-aab3-9d01-efed-6e54bb17c2d8,Volkswagen Golf 1.4TSI Team*1.Hand*ParkAssist*Tempomat*,7.980 €,Unfallfrei,Limousine,Deutsche Ausführung,"ca. 6,2 l/100km (kombiniert)
ca. 8,2 l/100km (innerorts)
ca. 5,1 l/100km (außerorts)",87.747 km,1.390 cm³,90 kW (122 PS),Benzin,ca. 144 g/km (kombiniert),1,5,4/5,Schaltgetriebe,Euro5,4 (Grün),05/2011,Neu,Klimaautomatik,,"Vorne, Hinten, Selbstlenkende Systeme","Front-, Seiten- und weitere Airbags",Reflexsilber Metallic,Silber Metallic,"Stoff, Schwarz",,,,,,,,,,,,,"ABS
Alarmanlage
Armlehne
Berganfahrassistent
Bordcomputer
CD-Spieler
Elektr. Fensterheber
Elektr. Seitenspiegel
Elektr. Wegfahrsperre
ESP
Garantie
Innenspiegel autom. abblendend
Isofix
Kurvenlicht
Lederlenkrad
Leichtmetallfelgen
Lichtsensor
Lordosenstütze
Nebelscheinwerfer
Nichtraucher-Fahrzeug
Regensensor
Scheckheftgepflegt
Servolenkung
Sitzheizung
Skisack
Sommerreifen
Soundsystem
Sportfahrwerk
Sportpaket
Sportsitze
Tagfahrlicht
Tempomat
Tuner/Radio
USB
Winterpaket
Zentralverriegelung",Automodus,30827,Garbsen,Heinkelstraße 27,+49 (0)5131 505994714,4.9,17,09.04.2020
https://suchen.mobile.de/fahrzeuge/details.html?id=296895967&adLimitation=ONLY_DEALER_ADS&categories=EstateCar&categories=Limousine&categories=OffRoad&categories=SmallCar&cn=DE&damageUnrepaired=NO_DAMAGE_UNREPAIRED&export=NO_EXPORT&features=FULL_SERVICE_HISTORY&features=NONSMOKER_VEHICLE&features=WARRANTY&fuels=PETROL&gn=Hannover%2C+Niedersachsen&isSearchRequest=true&ll=52.3720683%2C9.7356861&maxMileage=100000&maxPrice=150000&minFirstRegistrationDate=2010&pageNumber=2&rd=100&readyToDrive=ONLY_READY_TO_DRIVE&scopeId=C&sfmr=false&sortOption.sortBy=creationTime&sortOption.sortOrder=DESCENDING&usage=USED&withImage=true&searchId=795e5d23-aab3-9d01-efed-6e54bb17c2d8,Suzuki VITARA 1.0 COMFORT 4x2 TAGESZULASSUNG | DT. FZG.,16.690 €,Unfallfrei,"SUV / Geländewagen / Pickup, Tageszulassung",Deutsche Ausführung,"5,3 l/100km (kombiniert)*
6,2 l/100km (innerorts)*
4,8 l/100km (außerorts)*",15 km,998 cm³,82 kW (111 PS),"Benzin, E10-geeignet",121 g/km (kombiniert)*,1,5,4/5,Schaltgetriebe,Euro6c,,12/2019,12/2022,Klimaautomatik,,"Hinten, Kamera","Front-, Seiten- und weitere Airbags",Atlantis / Cosmic Black,Blau Metallic,"Stoff, Grau",https://i.ebayimg.com/00/s/MTIwMFgxNjAw/z/RFIAAOSwtElejvuW/$_57.jpg,https://i.ebayimg.com/00/s/MTIwMFgxNjAw/z/C1EAAOSwJjtejvul/$_57.jpg,https://i.ebayimg.com/00/s/MTIwMFgxNjAw/z/u8UAAOSwjFpejvuo/$_57.jpg,https://i.ebayimg.com/00/s/MTIwMFgxNjAw/z/MowAAOSwW2Zejvua/$_57.jpg,https://i.ebayimg.com/00/s/MTIwMFgxNjAw/z/vUYAAOSwZRFejvur/$_57.jpg,https://i.ebayimg.com/00/s/MTIwMFgxNjAw/z/IkQAAOSwCnpejvuv/$_57.jpg,https://i.ebayimg.com/00/s/MTIwMFgxNjAw/z/T08AAOSw-e1ejvuy/$_57.jpg,https://i.ebayimg.com/00/s/MTIwMFgxNjAw/z/jG0AAOSwY~pejvu2/$_57.jpg,https://i.ebayimg.com/00/s/MTIwMFgxNjAw/z/jG0AAOSwY~pejvu2/$_57.jpg,https://i.ebayimg.com/00/s/MTIwMFgxNjAw/z/z~oAAOSwoQlejvue/$_57.jpg,https://i.ebayimg.com/00/s/MTIwMFgxNjAw/z/ij0AAOSws~Nejvu-/$_57.jpg,https://i.ebayimg.com/00/s/MTIwMFgxNjAw/z/j2cAAOSwrIxejvvB/$_57.jpg,"ABS
Alarmanlage
Android Auto
Apple CarPlay
Armlehne
Berganfahrassistent
Bluetooth
Bordcomputer
Elektr. Fensterheber
Elektr. Seitenspiegel
Elektr. Wegfahrsperre
ESP
Freisprecheinrichtung
Garantie
Geschwindigkeitsbegrenzer
Isofix
Lederlenkrad
LED-Tagfahrlicht
Leichtmetallfelgen
Multifunktionslenkrad
Nebelscheinwerfer
Nichtraucher-Fahrzeug
Pannenkit
Partikelfilter
Radio DAB
Reifendruckkontrolle
Scheckheftgepflegt
Servolenkung
Sitzheizung
Sommerreifen
Sprachsteuerung
Start/Stopp-Automatik
Tempomat
Touchscreen
Traktionskontrolle
Tuner/Radio
USB
Zentralverriegelung",Autohaus Snater GmbH,37077,Göttingen,Reinhard-Rube-Strasse 15,+49 (0)551 2707413481,5,101,09.04.2020
https://suchen.mobile.de/fahrzeuge/details.html?id=287393327&adLimitation=ONLY_DEALER_ADS&categories=EstateCar&categories=Limousine&categories=OffRoad&categories=SmallCar&cn=DE&damageUnrepaired=NO_DAMAGE_UNREPAIRED&export=NO_EXPORT&features=FULL_SERVICE_HISTORY&features=NONSMOKER_VEHICLE&features=WARRANTY&fuels=PETROL&gn=Hannover%2C+Niedersachsen&isSearchRequest=true&ll=52.3720683%2C9.7356861&maxMileage=100000&maxPrice=150000&minFirstRegistrationDate=2010&pageNumber=2&rd=100&readyToDrive=ONLY_READY_TO_DRIVE&scopeId=C&sfmr=false&sortOption.sortBy=creationTime&sortOption.sortOrder=DESCENDING&usage=USED&withImage=true&searchId=795e5d23-aab3-9d01-efed-6e54bb17c2d8,Volkswagen Golf VII Lim. Comfortline BMT * 1. Hand *,11.950 €,Unfallfrei,Limousine,Deutsche Ausführung,"ca. 4,9 l/100km (kombiniert)
ca. 6,1 l/100km (innerorts)
ca. 4,2 l/100km (außerorts)",27.300 km,1.197 cm³,63 kW (86 PS),Benzin,ca. 113 g/km (kombiniert),1,5,4/5,Schaltgetriebe,Euro6,4 (Grün),01/2016,Neu,Klimaanlage,,"Vorne, Hinten","Front-, Seiten- und weitere Airbags",Uranograu,Grau,"Stoff, Schwarz",https://i.ebayimg.com/00/s/MTA2NFgxNjAw/z/p9gAAOSw3e5ejvly/$_57.jpg,https://i.ebayimg.com/00/s/MTA2NFgxNjAw/z/XwUAAOSwZ2lejvl3/$_57.jpg,https://i.ebayimg.com/00/s/MTA2NFgxNjAw/z/YesAAOSwOQJejvl-/$_57.jpg,https://i.ebayimg.com/00/s/MTA2NFgxNjAw/z/hVAAAOSwGylejvmT/$_57.jpg,https://i.ebayimg.com/00/s/MTIwMFgxNjAw/z/1ukAAOSw9qFduaGq/$_57.jpg,https://i.ebayimg.com/00/s/MTA2NFgxNjAw/z/ZVAAAOSw0jtejvmK/$_57.jpg,https://i.ebayimg.com/00/s/MTA2NFgxNjAw/z/my0AAOSwTYFejvmD/$_57.jpg,https://i.ebayimg.com/00/s/MTIwMFgxNjAw/z/fWQAAOSwXzBduaGw/$_57.jpg,https://i.ebayimg.com/00/s/MTIwMFgxNjAw/z/fWQAAOSwXzBduaGw/$_57.jpg,https://i.ebayimg.com/00/s/MTIwMFgxNjAw/z/N~kAAOSw8SdduaHA/$_57.jpg,https://i.ebayimg.com/00/s/MTIwMFgxNjAw/z/6BAAAOSwgrBduaHE/$_57.jpg,https://i.ebayimg.com/00/s/MTIwMFgxNjAw/z/fX0AAOSwXzBduaHJ/$_57.jpg,"ABS
Armlehne
Bluetooth
Bordcomputer
CD-Spieler
Elektr. Fensterheber
Elektr. Seitenspiegel
Elektr. Wegfahrsperre
ESP
Freisprecheinrichtung
Garantie
Isofix
Lederlenkrad
Leichtmetallfelgen
Müdigkeitswarner
Multifunktionslenkrad
Nebelscheinwerfer
Nichtraucher-Fahrzeug
Reifendruckkontrolle
Scheckheftgepflegt
Servolenkung
Sommerreifen
Start/Stopp-Automatik
Tagfahrlicht
Touchscreen
Traktionskontrolle
Tuner/Radio
Zentralverriegelung",Autohaus Broistedt,38268,Lengede / Broistedt,Osterriehe 1,+49 (0)5344 9209227,5,160,09.04.2020
https://suchen.mobile.de/fahrzeuge/details.html?id=294593015&adLimitation=ONLY_DEALER_ADS&categories=EstateCar&categories=Limousine&categories=OffRoad&categories=SmallCar&cn=DE&damageUnrepaired=NO_DAMAGE_UNREPAIRED&export=NO_EXPORT&features=FULL_SERVICE_HISTORY&features=NONSMOKER_VEHICLE&features=WARRANTY&fuels=PETROL&gn=Hannover%2C+Niedersachsen&isSearchRequest=true&ll=52.3720683%2C9.7356861&maxMileage=100000&maxPrice=150000&minFirstRegistrationDate=2010&pageNumber=2&rd=100&readyToDrive=ONLY_READY_TO_DRIVE&scopeId=C&sfmr=false&sortOption.sortBy=creationTime&sortOption.sortOrder=DESCENDING&usage=USED&withImage=true&searchId=795e5d23-aab3-9d01-efed-6e54bb17c2d8,Opel Astra J Sports Tourer 150 J Kostenlose Lieferung,7.950 €,Unfallfrei,Kombi,,"ca. 6,1 l/100km (kombiniert)
ca. 8,4 l/100km (innerorts)
ca. 4,9 l/100km (außerorts)",99.000 km,1.364 cm³,103 kW (140 PS),Benzin,ca. 145 g/km (kombiniert),2,5,4/5,Schaltgetriebe,Euro5,4 (Grün),01/2013,Neu,Klimaanlage,,Hinten,"Front-, Seiten- und weitere Airbags",,Schwarz Metallic,"Teilleder, Schwarz",https://i.ebayimg.com/00/s/MTIwMFgxNjAw/z/a4AAAOSw1LJeIEDj/$_57.jpg,https://i.ebayimg.com/00/s/MTIwMFgxNjAw/z/TR0AAOSwgPReIEDq/$_57.jpg,https://i.ebayimg.com/00/s/MTIwMFgxNjAw/z/~I8AAOSwkW5eIEDx/$_57.jpg,https://i.ebayimg.com/00/s/MTIwMFgxNjAw/z/U-wAAOSwfopeIED-/$_57.jpg,https://i.ebayimg.com/00/s/MTIwMFgxNjAw/z/UZ4AAOSwGyZeIEEF/$_57.jpg,https://i.ebayimg.com/00/s/MTIwMFgxNjAw/z/vckAAOSwGzNeIEEk/$_57.jpg,https://i.ebayimg.com/00/s/MTIwMFgxNjAw/z/OMkAAOSwmeNeIEFr/$_57.jpg,https://i.ebayimg.com/00/s/MTIwMFgxNjAw/z/zh4AAOSwVR9eIEE5/$_57.jpg,https://i.ebayimg.com/00/s/MTIwMFgxNjAw/z/zh4AAOSwVR9eIEE5/$_57.jpg,https://i.ebayimg.com/00/s/MTIwMFgxNjAw/z/VcwAAOSwi1ZeIEEr/$_57.jpg,https://i.ebayimg.com/00/s/MTIwMFgxNjAw/z/sBYAAOSw1UpeIEFd/$_57.jpg,https://i.ebayimg.com/00/s/MTIwMFgxNjAw/z/8XYAAOSwpJReIEEL/$_57.jpg,"ABS
CD-Spieler
Dachreling
Elektr. Fensterheber
Elektr. Seitenspiegel
ESP
Garantie
Gepäckraumabtrennung
Isofix
Lederlenkrad
Leichtmetallfelgen
Multifunktionslenkrad
Nebelscheinwerfer
Nichtraucher-Fahrzeug
Scheckheftgepflegt
Schlüssellose Zentralverriegelung
Servolenkung
Sitzheizung
Sommerreifen
Sportsitze
Tagfahrlicht
Traktionskontrolle
Tuner/Radio
USB
Winterreifen
Zentralverriegelung",Brackweder Autohof,33649,Bielefeld,Gütersloher Straße 232a,+49 (0)521 8006742151,4.9,30,09.04.2020
https://suchen.mobile.de/fahrzeuge/details.html?id=294593003&adLimitation=ONLY_DEALER_ADS&categories=EstateCar&categories=Limousine&categories=OffRoad&categories=SmallCar&cn=DE&damageUnrepaired=NO_DAMAGE_UNREPAIRED&export=NO_EXPORT&features=FULL_SERVICE_HISTORY&features=NONSMOKER_VEHICLE&features=WARRANTY&fuels=PETROL&gn=Hannover%2C+Niedersachsen&isSearchRequest=true&ll=52.3720683%2C9.7356861&maxMileage=100000&maxPrice=150000&minFirstRegistrationDate=2010&pageNumber=2&rd=100&readyToDrive=ONLY_READY_TO_DRIVE&scopeId=C&sfmr=false&sortOption.sortBy=creationTime&sortOption.sortOrder=DESCENDING&usage=USED&withImage=true&searchId=795e5d23-aab3-9d01-efed-6e54bb17c2d8,Mitsubishi Space Star Light Klima * Kostenlose Lieferung*,5.950 €,,Limousine,,"ca. 4,0 l/100km (kombiniert)
ca. 4,6 l/100km (innerorts)
ca. 3,6 l/100km (außerorts)",44.000 km,999 cm³,52 kW (71 PS),Benzin,ca. 95 g/km (kombiniert),2,5,4/5,Schaltgetriebe,Euro5,4 (Grün),07/2013,Neu,Klimaanlage,,,"Front-, Seiten- und weitere Airbags",F24 EXT,Grün Metallic,Schwarz,https://i.ebayimg.com/00/s/MTIwMFgxNjAw/z/hkoAAOSwgc1eZkym/$_57.jpg,https://i.ebayimg.com/00/s/MTIwMFgxNjAw/z/kVoAAOSwMKFeZkys/$_57.jpg,https://i.ebayimg.com/00/s/MTIwMFgxNjAw/z/nNQAAOSwZKJeZkyy/$_57.jpg,https://i.ebayimg.com/00/s/MTIwMFgxNjAw/z/AjIAAOSw4O1eaPyy/$_57.jpg,https://i.ebayimg.com/00/s/MTIwMFgxNjAw/z/JFYAAOSwlNpeZky4/$_57.jpg,https://i.ebayimg.com/00/s/MTIwMFgxNjAw/z/mE0AAOSwqqJeaPy5/$_57.jpg,https://i.ebayimg.com/00/s/MTIwMFgxNjAw/z/tJ0AAOSw2tFeaPzB/$_57.jpg,https://i.ebayimg.com/00/s/MTIwMFgxNjAw/z/hXQAAOSwttFeaPzJ/$_57.jpg,https://i.ebayimg.com/00/s/MTIwMFgxNjAw/z/hXQAAOSwttFeaPzJ/$_57.jpg,https://i.ebayimg.com/00/s/MTIwMFgxNjAw/z/58IAAOSwrIxeaPzP/$_57.jpg,https://i.ebayimg.com/00/s/MTIwMFgxNjAw/z/9LUAAOSw8MpeaPzV/$_57.jpg,https://i.ebayimg.com/00/s/MTIwMFgxNjAw/z/PZoAAOSwDdxeaPzc/$_57.jpg,"ABS
Bordcomputer
CD-Spieler
Elektr. Fensterheber
Elektr. Seitenspiegel
Elektr. Wegfahrsperre
Garantie
Isofix
Leichtmetallfelgen
Nichtraucher-Fahrzeug
Scheckheftgepflegt
Schlüssellose Zentralverriegelung
Servolenkung
Sommerreifen
Start/Stopp-Automatik
Tagfahrlicht
Traktionskontrolle
Tuner/Radio
USB
Winterreifen
Zentralverriegelung",Brackweder Autohof,33649,Bielefeld,Gütersloher Straße 232a,+49 (0)521 1639139845,4.9,30,09.04.2020
https://suchen.mobile.de/fahrzeuge/details.html?id=295675883&adLimitation=ONLY_DEALER_ADS&categories=EstateCar&categories=Limousine&categories=OffRoad&categories=SmallCar&cn=DE&damageUnrepaired=NO_DAMAGE_UNREPAIRED&export=NO_EXPORT&features=FULL_SERVICE_HISTORY&features=NONSMOKER_VEHICLE&features=WARRANTY&fuels=PETROL&gn=Hannover%2C+Niedersachsen&isSearchRequest=true&ll=52.3720683%2C9.7356861&maxMileage=100000&maxPrice=150000&minFirstRegistrationDate=2010&pageNumber=2&rd=100&readyToDrive=ONLY_READY_TO_DRIVE&scopeId=C&sfmr=false&sortOption.sortBy=creationTime&sortOption.sortOrder=DESCENDING&usage=USED&withImage=true&searchId=795e5d23-aab3-9d01-efed-6e54bb17c2d8,Skoda Fabia Combi Cool Edition 1.2 TSI Klima Radio ZV,7.450 €,,Kombi,Deutsche Ausführung,"ca. 5,2 l/100km (kombiniert)
ca. 6,6 l/100km (innerorts)
ca. 4,4 l/100km (außerorts)",91.126 km,1.197 cm³,63 kW (86 PS),Benzin,ca. 123 g/km (kombiniert),2,5,4/5,Schaltgetriebe,Euro5,4 (Grün),12/2012,08/2021,Klimaanlage,2012,,Front- und Seiten-Airbags,Pacific Blau,Blau,"Stoff, Schwarz",https://i.ebayimg.com/00/s/NDgwWDY0MA==/z/iZ4AAOSw-e1ecfG6/$_57.jpg,https://i.ebayimg.com/00/s/NDgwWDY0MA==/z/gJkAAOSwGslecfG6/$_57.jpg,https://i.ebayimg.com/00/s/NDgwWDY0MA==/z/08IAAOSw6yBecfG6/$_57.jpg,https://i.ebayimg.com/00/s/NDgwWDY0MA==/z/SToAAOSwRIlecfG6/$_57.jpg,https://i.ebayimg.com/00/s/NDgwWDY0MA==/z/aKcAAOSwi6BecfG6/$_57.jpg,https://i.ebayimg.com/00/s/NDgwWDY0MA==/z/6uMAAOSw86ZecfG6/$_57.jpg,https://i.ebayimg.com/00/s/NDgwWDY0MA==/z/IPQAAOSw~npecfG6/$_57.jpg,https://i.ebayimg.com/00/s/NDgwWDY0MA==/z/XSwAAOSwWkFecfG6/$_57.jpg,https://i.ebayimg.com/00/s/NDgwWDY0MA==/z/XSwAAOSwWkFecfG6/$_57.jpg,,,,"ABS
CD-Spieler
Dachreling
Elektr. Fensterheber
Elektr. Wegfahrsperre
ESP
Garantie
Nichtraucher-Fahrzeug
Reserverad
Scheckheftgepflegt
Servolenkung
Tagfahrlicht
Traktionskontrolle
Tuner/Radio
Zentralverriegelung",Autohaus Rindt & Gaida GmbH,30966,Hemmingen/Hannover,Karoline-Herschel-Straße 6,+49 (0)511 4203272,4.2,13,09.04.2020
https://suchen.mobile.de/fahrzeuge/details.html?id=294028571&adLimitation=ONLY_DEALER_ADS&categories=EstateCar&categories=Limousine&categories=OffRoad&categories=SmallCar&cn=DE&damageUnrepaired=NO_DAMAGE_UNREPAIRED&export=NO_EXPORT&features=FULL_SERVICE_HISTORY&features=NONSMOKER_VEHICLE&features=WARRANTY&fuels=PETROL&gn=Hannover%2C+Niedersachsen&isSearchRequest=true&ll=52.3720683%2C9.7356861&maxMileage=100000&maxPrice=150000&minFirstRegistrationDate=2010&pageNumber=2&rd=100&readyToDrive=ONLY_READY_TO_DRIVE&scopeId=C&sfmr=false&sortOption.sortBy=creationTime&sortOption.sortOrder=DESCENDING&usage=USED&withImage=true&searchId=795e5d23-aab3-9d01-efed-6e54bb17c2d8,Skoda Fabia Combi Cool Edition 1.0 MPI Alu Klima BC,10.290 €,,Kombi,Deutsche Ausführung,"ca. 4,7 l/100km (kombiniert)
ca. 5,7 l/100km (innerorts)
ca. 4,1 l/100km (außerorts)",10.470 km,999 cm³,55 kW (75 PS),Benzin,ca. 107 g/km (kombiniert),2,5,4/5,Schaltgetriebe,Euro6,4 (Grün),07/2017,Neu,Klimaanlage,2017,,"Front-, Seiten- und weitere Airbags",Cappuccino-Beige,Beige Metallic,"Stoff, Schwarz",https://i.ebayimg.com/00/s/NDgwWDY0MA==/z/5o4AAOSwm69ea~Qj/$_57.jpg,https://i.ebayimg.com/00/s/NDgwWDY0MA==/z/eDcAAOSwgj9ea~Qj/$_57.jpg,https://i.ebayimg.com/00/s/NDgwWDY0MA==/z/9mIAAOSwv-1ea~Qk/$_57.jpg,https://i.ebayimg.com/00/s/NDgwWDY0MA==/z/wYkAAOSw49Bea~Qk/$_57.jpg,https://i.ebayimg.com/00/s/NDgwWDY0MA==/z/7h8AAOSw1PNea~Qj/$_57.jpg,https://i.ebayimg.com/00/s/NDgwWDY0MA==/z/j-gAAOSw-Q5ea~Qj/$_57.jpg,https://i.ebayimg.com/00/s/NDgwWDY0MA==/z/xzoAAOSwKU1ea~Qj/$_57.jpg,,,,,,"ABS
Bordcomputer
Dachreling
Elektr. Fensterheber
Elektr. Seitenspiegel
Elektr. Wegfahrsperre
ESP
Garantie
Isofix
LED-Tagfahrlicht
Leichtmetallfelgen
Nebelscheinwerfer
Nichtraucher-Fahrzeug
Pannenkit
Radio DAB
Raucherpaket
Reifendruckkontrolle
Scheckheftgepflegt
Servolenkung
Start/Stopp-Automatik
Touchscreen
Traktionskontrolle
Tuner/Radio
USB
Zentralverriegelung",Autohaus Rindt & Gaida GmbH,30966,Hemmingen/Hannover,Karoline-Herschel-Straße 6,+49 (0)511 4203272,4.2,13,09.04.2020
https://suchen.mobile.de/fahrzeuge/details.html?id=294859757&adLimitation=ONLY_DEALER_ADS&categories=EstateCar&categories=Limousine&categories=OffRoad&categories=SmallCar&cn=DE&damageUnrepaired=NO_DAMAGE_UNREPAIRED&export=NO_EXPORT&features=FULL_SERVICE_HISTORY&features=NONSMOKER_VEHICLE&features=WARRANTY&fuels=PETROL&gn=Hannover%2C+Niedersachsen&isSearchRequest=true&ll=52.3720683%2C9.7356861&maxMileage=100000&maxPrice=150000&minFirstRegistrationDate=2010&pageNumber=2&rd=100&readyToDrive=ONLY_READY_TO_DRIVE&scopeId=C&sfmr=false&sortOption.sortBy=creationTime&sortOption.sortOrder=DESCENDING&usage=USED&withImage=true&searchId=795e5d23-aab3-9d01-efed-6e54bb17c2d8,Skoda Fabia Ambition 1.0 MPI Klimaautom PDC DAB Radio,8.450 €,,Kleinwagen,Deutsche Ausführung,"ca. 4,6 l/100km (kombiniert)
ca. 5,6 l/100km (innerorts)
ca. 4,0 l/100km (außerorts)",52.694 km,999 cm³,44 kW (60 PS),Benzin,ca. 104 g/km (kombiniert),1,5,4/5,Schaltgetriebe,Euro6,4 (Grün),02/2016,Neu,Klimaautomatik,2016,Hinten,"Front-, Seiten- und weitere Airbags",Quarz-Grau,Grau Metallic,"Stoff, Schwarz",https://i.ebayimg.com/00/s/NDgwWDY0MA==/z/lUMAAOSw6qhea~Rl/$_57.jpg,https://i.ebayimg.com/00/s/NDgwWDY0MA==/z/1fgAAOSwHwRea~Rl/$_57.jpg,https://i.ebayimg.com/00/s/NDgwWDY0MA==/z/u8cAAOSwnexea~Rl/$_57.jpg,https://i.ebayimg.com/00/s/NDgwWDY0MA==/z/mzEAAOSw76hea~Rl/$_57.jpg,https://i.ebayimg.com/00/s/NDgwWDY0MA==/z/KWwAAOSw0uRea~Rl/$_57.jpg,https://i.ebayimg.com/00/s/NDgwWDY0MA==/z/dzwAAOSwAbxea~Rl/$_57.jpg,https://i.ebayimg.com/00/s/NDgwWDY0MA==/z/E1AAAOSwdNlea~Rl/$_57.jpg,https://i.ebayimg.com/00/s/NDgwWDY0MA==/z/XKcAAOSwGFVea~Rl/$_57.jpg,https://i.ebayimg.com/00/s/NDgwWDY0MA==/z/XKcAAOSwGFVea~Rl/$_57.jpg,https://i.ebayimg.com/00/s/NDgwWDY0MA==/z/vDUAAOSweatejOk3/$_57.jpg,,,"ABS
Abstandswarner
Bordcomputer
Elektr. Fensterheber
Elektr. Seitenspiegel
Elektr. Wegfahrsperre
ESP
Garantie
Innenspiegel autom. abblendend
Isofix
LED-Tagfahrlicht
Lichtsensor
Nichtraucher-Fahrzeug
Notbremsassistent
Pannenkit
Radio DAB
Raucherpaket
Regensensor
Reifendruckkontrolle
Scheckheftgepflegt
Servolenkung
Sitzheizung
Start/Stopp-Automatik
Tempomat
Touchscreen
Traktionskontrolle
Tuner/Radio
USB
Zentralverriegelung",Autohaus Rindt & Gaida GmbH,30966,Hemmingen/Hannover,Karoline-Herschel-Straße 6,+49 (0)511 4203272,4.2,13,09.04.2020
https://suchen.mobile.de/fahrzeuge/details.html?id=292278930&adLimitation=ONLY_DEALER_ADS&categories=EstateCar&categories=Limousine&categories=OffRoad&categories=SmallCar&cn=DE&damageUnrepaired=NO_DAMAGE_UNREPAIRED&export=NO_EXPORT&features=FULL_SERVICE_HISTORY&features=NONSMOKER_VEHICLE&features=WARRANTY&fuels=PETROL&gn=Hannover%2C+Niedersachsen&isSearchRequest=true&ll=52.3720683%2C9.7356861&maxMileage=100000&maxPrice=150000&minFirstRegistrationDate=2010&pageNumber=2&rd=100&readyToDrive=ONLY_READY_TO_DRIVE&scopeId=C&sfmr=false&sortOption.sortBy=creationTime&sortOption.sortOrder=DESCENDING&usage=USED&withImage=true&searchId=795e5d23-aab3-9d01-efed-6e54bb17c2d8,Skoda Citigo Active 1.0 Klima eFH LED-Tagfahrlicht Iso,7.790 €,,Limousine,Deutsche Ausführung,"ca. 4,5 l/100km (kombiniert)
ca. 5,6 l/100km (innerorts)
ca. 3,9 l/100km (außerorts)",30.211 km,999 cm³,44 kW (60 PS),Benzin,ca. 107 g/km (kombiniert),1,4,2/3,Schaltgetriebe,Euro6,4 (Grün),03/2017,Neu,Klimaanlage,2017,,Front- und Seiten-Airbags,Candy Weiss,Weiß,"Stoff, Schwarz",https://i.ebayimg.com/00/s/NDgwWDY0MA==/z/8gUAAOSwq3FeZq2L/$_57.jpg,https://i.ebayimg.com/00/s/NDgwWDY0MA==/z/QzMAAOSwYxBeZq2K/$_57.jpg,https://i.ebayimg.com/00/s/NDgwWDY0MA==/z/3YEAAOSwjqxeZq2L/$_57.jpg,https://i.ebayimg.com/00/s/NDgwWDY0MA==/z/ORAAAOSw7gxeZq2K/$_57.jpg,https://i.ebayimg.com/00/s/NDgwWDY0MA==/z/WoEAAOSw4mReZq2L/$_57.jpg,https://i.ebayimg.com/00/s/NDgwWDY0MA==/z/OBsAAOSw8PNeZq2K/$_57.jpg,https://i.ebayimg.com/00/s/NDgwWDY0MA==/z/cPoAAOSw0XheZq2L/$_57.jpg,https://i.ebayimg.com/00/s/NDgwWDY0MA==/z/IjsAAOSwkA1eZq2K/$_57.jpg,https://i.ebayimg.com/00/s/NDgwWDY0MA==/z/IjsAAOSwkA1eZq2K/$_57.jpg,,,,"ABS
Berganfahrassistent
Elektr. Fensterheber
Elektr. Wegfahrsperre
ESP
Garantie
Isofix
LED-Tagfahrlicht
Nichtraucher-Fahrzeug
Pannenkit
Radio DAB
Scheckheftgepflegt
Servolenkung
Traktionskontrolle
Tuner/Radio
Zentralverriegelung",Autohaus Rindt & Gaida GmbH,30966,Hemmingen/Hannover,Karoline-Herschel-Straße 6,+49 (0)511 4203272,4.2,13,09.04.2020
https://suchen.mobile.de/fahrzeuge/details.html?id=293193680&adLimitation=ONLY_DEALER_ADS&categories=EstateCar&categories=Limousine&categories=OffRoad&categories=SmallCar&cn=DE&damageUnrepaired=NO_DAMAGE_UNREPAIRED&export=NO_EXPORT&features=FULL_SERVICE_HISTORY&features=NONSMOKER_VEHICLE&features=WARRANTY&fuels=PETROL&gn=Hannover%2C+Niedersachsen&isSearchRequest=true&ll=52.3720683%2C9.7356861&maxMileage=100000&maxPrice=150000&minFirstRegistrationDate=2010&pageNumber=2&rd=100&readyToDrive=ONLY_READY_TO_DRIVE&scopeId=C&sfmr=false&sortOption.sortBy=creationTime&sortOption.sortOrder=DESCENDING&usage=USED&withImage=true&searchId=795e5d23-aab3-9d01-efed-6e54bb17c2d8,Skoda Citigo Active 1.0 Klima DAB Radio Elektr. Fenste,6.380 €,,Kleinwagen,Deutsche Ausführung,"ca. 4,5 l/100km (kombiniert)
ca. 5,6 l/100km (innerorts)
ca. 3,9 l/100km (außerorts)",68.011 km,999 cm³,44 kW (60 PS),Benzin,ca. 107 g/km (kombiniert),1,4,4/5,Schaltgetriebe,Euro6,1 (Keine),10/2016,11/2021,Klimaanlage,2016,,Front- und Seiten-Airbags,Candy Weiss,Weiß,"Stoff, Schwarz",https://i.ebayimg.com/00/s/NDgwWDY0MA==/z/Er0AAOSwh55eZq2K/$_57.jpg,https://i.ebayimg.com/00/s/NDgwWDY0MA==/z/JrcAAOSw9EteZq2K/$_57.jpg,https://i.ebayimg.com/00/s/NDgwWDY0MA==/z/kMUAAOSw59peZq2K/$_57.jpg,https://i.ebayimg.com/00/s/NDgwWDY0MA==/z/cMsAAOSwJbVeZq2K/$_57.jpg,https://i.ebayimg.com/00/s/NDgwWDY0MA==/z/TvwAAOSw5bdeZq2K/$_57.jpg,https://i.ebayimg.com/00/s/NDgwWDY0MA==/z/MY8AAOSwZWpeZq2K/$_57.jpg,https://i.ebayimg.com/00/s/NDgwWDY0MA==/z/rAsAAOSwIWxeZq2K/$_57.jpg,https://i.ebayimg.com/00/s/NDgwWDY0MA==/z/wJ0AAOSwm69eZq2K/$_57.jpg,https://i.ebayimg.com/00/s/NDgwWDY0MA==/z/wJ0AAOSwm69eZq2K/$_57.jpg,https://i.ebayimg.com/00/s/NDgwWDY0MA==/z/V00AAOSwfD1eZq2K/$_57.jpg,,,"ABS
Berganfahrassistent
Elektr. Fensterheber
Elektr. Wegfahrsperre
ESP
Garantie
Isofix
Nichtraucher-Fahrzeug
Pannenkit
Radio DAB
Scheckheftgepflegt
Servolenkung
Start/Stopp-Automatik
Tagfahrlicht
Traktionskontrolle
Tuner/Radio",Autohaus Rindt & Gaida GmbH,30966,Hemmingen/Hannover,Karoline-Herschel-Straße 6,+49 (0)511 4203272,4.2,13,09.04.2020
https://suchen.mobile.de/fahrzeuge/details.html?id=294658523&adLimitation=ONLY_DEALER_ADS&categories=EstateCar&categories=Limousine&categories=OffRoad&categories=SmallCar&cn=DE&damageUnrepaired=NO_DAMAGE_UNREPAIRED&export=NO_EXPORT&features=FULL_SERVICE_HISTORY&features=NONSMOKER_VEHICLE&features=WARRANTY&fuels=PETROL&gn=Hannover%2C+Niedersachsen&isSearchRequest=true&ll=52.3720683%2C9.7356861&maxMileage=100000&maxPrice=150000&minFirstRegistrationDate=2010&pageNumber=2&rd=100&readyToDrive=ONLY_READY_TO_DRIVE&scopeId=C&sfmr=false&sortOption.sortBy=creationTime&sortOption.sortOrder=DESCENDING&usage=USED&withImage=true&searchId=795e5d23-aab3-9d01-efed-6e54bb17c2d8,Skoda Citigo 1.0 Cool Edition Klima Radio ZV Elektr. F,6.990 €,,Kleinwagen,Deutsche Ausführung,"ca. 4,4 l/100km (kombiniert)
ca. 5,5 l/100km (innerorts)
ca. 3,8 l/100km (außerorts)",19.294 km,999 cm³,44 kW (60 PS),Benzin,ca. 101 g/km (kombiniert),2,4,2/3,Schaltgetriebe,,4 (Grün),03/2016,Neu,Klimaanlage,2016,,Front- und Seiten-Airbags,Deep-Schwarz Perleffekt,Schwarz Metallic,"Stoff, Andere",https://i.ebayimg.com/00/s/NDgwWDY0MA==/z/tfQAAOSwjdFeZq2H/$_57.jpg,https://i.ebayimg.com/00/s/NDgwWDY0MA==/z/qQAAAOSw~ppeZq2H/$_57.jpg,https://i.ebayimg.com/00/s/NDgwWDY0MA==/z/T4EAAOSwoLFeZq2H/$_57.jpg,https://i.ebayimg.com/00/s/NDgwWDY0MA==/z/MhUAAOSwS3JeZq2H/$_57.jpg,https://i.ebayimg.com/00/s/NDgwWDY0MA==/z/oeUAAOSwGIVeZq2H/$_57.jpg,https://i.ebayimg.com/00/s/NDgwWDY0MA==/z/ELkAAOSwT-NeZq2H/$_57.jpg,https://i.ebayimg.com/00/s/NDgwWDY0MA==/z/wZQAAOSwSmxeZq2H/$_57.jpg,https://i.ebayimg.com/00/s/NDgwWDY0MA==/z/pNwAAOSw4wVeZq2H/$_57.jpg,https://i.ebayimg.com/00/s/NDgwWDY0MA==/z/pNwAAOSw4wVeZq2H/$_57.jpg,https://i.ebayimg.com/00/s/NDgwWDY0MA==/z/9y0AAOSwqNdeZq2H/$_57.jpg,,,"ABS
Berganfahrassistent
CD-Spieler
Elektr. Fensterheber
Elektr. Wegfahrsperre
ESP
Garantie
Isofix
Nichtraucher-Fahrzeug
Pannenkit
Radio DAB
Reifendruckkontrolle
Scheckheftgepflegt
Servolenkung
Tagfahrlicht
Traktionskontrolle
Tuner/Radio
Zentralverriegelung",Autohaus Rindt & Gaida GmbH,30966,Hemmingen/Hannover,Karoline-Herschel-Straße 6,+49 (0)511 4203272,4.2,13,09.04.2020
https://suchen.mobile.de/fahrzeuge/details.html?id=294476251&adLimitation=ONLY_DEALER_ADS&categories=EstateCar&categories=Limousine&categories=OffRoad&categories=SmallCar&cn=DE&damageUnrepaired=NO_DAMAGE_UNREPAIRED&export=NO_EXPORT&features=FULL_SERVICE_HISTORY&features=NONSMOKER_VEHICLE&features=WARRANTY&fuels=PETROL&gn=Hannover%2C+Niedersachsen&isSearchRequest=true&ll=52.3720683%2C9.7356861&maxMileage=100000&maxPrice=150000&minFirstRegistrationDate=2010&pageNumber=2&rd=100&readyToDrive=ONLY_READY_TO_DRIVE&scopeId=C&sfmr=false&sortOption.sortBy=creationTime&sortOption.sortOrder=DESCENDING&usage=USED&withImage=true&fnai=next&searchId=795e5d23-aab3-9d01-efed-6e54bb17c2d8,Opel Adam Rocks 120 Jahre 1.4 EU6d-T Klimaautom PDC S,13.894 €,,Limousine,Deutsche Ausführung,"ca. 5,4 l/100km (kombiniert)
ca. 7,0 l/100km (innerorts)
ca. 4,4 l/100km (außerorts)",13.181 km,1.398 cm³,74 kW (101 PS),Benzin,ca. 124 g/km (kombiniert),2,4,2/3,Schaltgetriebe,,4 (Grün),02/2019,09/2021,Klimaautomatik,2018,Hinten,"Front-, Seiten- und weitere Airbags",Licht Grau M2,Grau,"Stoff, Schwarz",https://i.ebayimg.com/00/s/NDgwWDY0MA==/z/v2YAAOSwby1ea~Qh/$_57.jpg,https://i.ebayimg.com/00/s/NDgwWDY0MA==/z/TfYAAOSweNVea~Qh/$_57.jpg,https://i.ebayimg.com/00/s/NDgwWDY0MA==/z/m4cAAOSwhD9ea~Qh/$_57.jpg,https://i.ebayimg.com/00/s/NDgwWDY0MA==/z/gTAAAOSwnFlea~Qh/$_57.jpg,https://i.ebayimg.com/00/s/NDgwWDY0MA==/z/RGUAAOSw6N9ea~Qh/$_57.jpg,https://i.ebayimg.com/00/s/NDgwWDY0MA==/z/mhQAAOSwROtea~Qh/$_57.jpg,https://i.ebayimg.com/00/s/NDgwWDY0MA==/z/LBUAAOSwpnpea~Qh/$_57.jpg,https://i.ebayimg.com/00/s/NDgwWDY0MA==/z/kIkAAOSwaeBea~Qh/$_57.jpg,https://i.ebayimg.com/00/s/NDgwWDY0MA==/z/kIkAAOSwaeBea~Qh/$_57.jpg,,,,"ABS
Android Auto
Apple CarPlay
Beheizbares Lenkrad
Berganfahrassistent
Bluetooth
Bordcomputer
Elektr. Fensterheber
Elektr. Seitenspiegel
Elektr. Wegfahrsperre
Freisprecheinrichtung
Garantie
Innenspiegel autom. abblendend
Isofix
Lederlenkrad
LED-Tagfahrlicht
Leichtmetallfelgen
Multifunktionslenkrad
Nichtraucher-Fahrzeug
Pannenkit
Regensensor
Reifendruckkontrolle
Scheckheftgepflegt
Servolenkung
Sitzheizung
Sportfahrwerk
Tempomat
Touchscreen
Traktionskontrolle
Tuner/Radio
USB
Winterpaket
Zentralverriegelung",Autohaus Rindt & Gaida GmbH,30966,Hemmingen/Hannover,Karoline-Herschel-Straße 6,+49 (0)511 4203272,4.2,13,09.04.2020
