title,price,damage_condition,category,country_version,consumption,mileage,cubic_capacity,power,fuel,emission,num_owners,num_seats,door_count,transmission,emission_class,emssion_sticker,first_registration,hu,climatisation,construction_year,park_assist,airbag,manufacturer_color_name,color,interior,image_1,image_2,image_3,image_4,image_5,image_6,image_7,image_8,image_9,image_10,image_11,image_12,features,dealer_name,dealer_postal_code,dealer_city,dealer_address,dealer_phone,dealer_rating,dealer_quantity_ratings,publishing_date
"Volkswagen Polo 1.2 TSI Comfortline, Klima, Bluetooth",9.488 €,Unfallfrei,Kleinwagen,,"ca. 4,7 l/100km (kombiniert)
ca. 5,9 l/100km (innerorts)
ca. 4,0 l/100km (außerorts)",47.500 km,1.197 cm³,66 kW (90 PS),Benzin,ca. 111 g/km (kombiniert),2,5,4/5,Schaltgetriebe,Euro6,4 (Grün),05/2015,03/2022,Klimaanlage,,"Vorne, Hinten",,Reflexsilber Metallic,Silber Metallic,"Andere, Schwarz",,,,,,,,,,,,,"Android Auto
Apple CarPlay
Bluetooth
CD-Spieler
Elektr. Fensterheber
Elektr. Seitenspiegel
Freisprecheinrichtung
Garantie
Lederlenkrad
Multifunktionslenkrad
Nebelscheinwerfer
Nichtraucher-Fahrzeug
Scheckheftgepflegt
Start/Stopp-Automatik
Tempomat
Touchscreen
Tuner/Radio",Scherer GmbH & Co. KG,63741,Aschaffenburg,Schönbornstraße 52,+49 (0)6021 901701398,4.7,33,07.04.2020
"Seat Alhambra 2.0 TSI Style, 7-Sitzer, Navi, SHZ, PDC",26.480 €,,Van / Minibus,Deutsche Ausführung,"ca. 7,2 l/100km (kombiniert)
ca. 9,2 l/100km (innerorts)
ca. 6,0 l/100km (außerorts)",39.738 km,2.000 cm³,162 kW (220 PS),Benzin,ca. 167 g/km (kombiniert),1,5,4/5,Automatik,Euro6,4 (Grün),03/2017,Neu,Klimaautomatik,,"Vorne, Hinten, Kamera","Front-, Seiten- und weitere Airbags",Deep Black Perleffekt,Schwarz Metallic,"Andere, Schwarz",,,,,,,,,,,,,"ABS
Armlehne
Bi-Xenon Scheinwerfer
Blendfreies Fernlicht
Bluetooth
Bordcomputer
Dachreling
Elektr. Fensterheber
Elektr. Heckklappe
Elektr. Seitenspiegel
Elektr. Sitzeinstellung
Elektr. Wegfahrsperre
ESP
Fernlichtassistent
Freisprecheinrichtung
Garantie
Innenspiegel autom. abblendend
Kurvenlicht
Leichtmetallfelgen
Lichtsensor
Müdigkeitswarner
Multifunktionslenkrad
Navigationssystem
Nebelscheinwerfer
Nichtraucher-Fahrzeug
Regensensor
Scheckheftgepflegt
Scheinwerferreinigung
Schiebedach
Schlüssellose Zentralverriegelung
Servolenkung
Sitzheizung
Sommerreifen
Sportsitze
Sprachsteuerung
Start/Stopp-Automatik
Tempomat
Totwinkel-Assistent
Touchscreen
Traktionskontrolle
Tuner/Radio
USB
Winterpaket
Zentralverriegelung",Scherer GmbH & Co.KG Mainz,55129,Mainz,Robert-Koch-Str. 18,+49 (0)6131 327808437,4.4,12,07.04.2020
Ford Focus 1.0 EcoBoost Titanium Turnier PSD -51%*,17.498 €,Unfallfrei,Kombi,Deutsche Ausführung,"ca. 6,1 l/100km (kombiniert)
ca. 6,0 l/100km (innerorts)
ca. 4,3 l/100km (außerorts)",18.522 km,998 cm³,92 kW (125 PS),"Benzin, E10-geeignet",ca. 136 g/km (kombiniert),1,5,4/5,Schaltgetriebe,Euro6d-TEMP,4 (Grün),01/2019,Neu,2-Zonen-Klimaautomatik,,"Vorne, Hinten, Kamera, Selbstlenkende Systeme","Front-, Seiten- und weitere Airbags",Iridium-Schwarz Mica,Schwarz Metallic,Stoff,https://i.ebayimg.com/00/s/MTM1OFgxNDAw/z/A08AAOSw9J9eAfyh/$_57.jpg,https://i.ebayimg.com/00/s/NzY4WDEwMjQ=/z/zhAAAOSwckdeb9LT/$_57.jpg,https://i.ebayimg.com/00/s/NzY4WDEwMjQ=/z/WvMAAOSwbLpeb9LT/$_57.jpg,https://i.ebayimg.com/00/s/NzY4WDEwMjQ=/z/FQ0AAOSwVCJeb9LT/$_57.jpg,https://i.ebayimg.com/00/s/NzY4WDEwMjQ=/z/bLcAAOSwlcxeb9LT/$_57.jpg,https://i.ebayimg.com/00/s/NzY4WDEwMjQ=/z/wGkAAOSw6N9eb9LT/$_57.jpg,https://i.ebayimg.com/00/s/NzY4WDEwMjQ=/z/pcwAAOSwq9Zeb9LT/$_57.jpg,https://i.ebayimg.com/00/s/OTI1WDE0MDA=/z/gvIAAOSwrrleAfyh/$_57.jpg,https://i.ebayimg.com/00/s/OTI1WDE0MDA=/z/gvIAAOSwrrleAfyh/$_57.jpg,https://i.ebayimg.com/00/s/MTA1MFgxNDAw/z/5bIAAOSwoGdeb9Fx/$_57.jpg,,,"ABS
Allwetterreifen
Ambiente-Beleuchtung
Android Auto
Apple CarPlay
Armlehne
Beheizbare Frontscheibe
Beheizbares Lenkrad
Berganfahrassistent
Bluetooth
Bordcomputer
Dachreling
Elektr. Fensterheber
Elektr. Heckklappe
Elektr. Seitenspiegel
Elektr. Wegfahrsperre
ESP
Fernlichtassistent
Freisprecheinrichtung
Garantie
Geschwindigkeitsbegrenzer
Induktionsladen für Smartphones
Innenspiegel autom. abblendend
Isofix
Kurvenlicht
Lederlenkrad
LED-Scheinwerfer
LED-Tagfahrlicht
Leichtmetallfelgen
Lichtsensor
Lordosenstütze
Multifunktionslenkrad
Musikstreaming integriert
Navigationssystem
Nebelscheinwerfer
Nichtraucher-Fahrzeug
Notbremsassistent
Notrad
Notrufsystem
Panorama-Dach
Raucherpaket
Regensensor
Reifendruckkontrolle
Scheckheftgepflegt
Schiebedach
Schlüssellose Zentralverriegelung
Servolenkung
Sitzheizung
Soundsystem
Sportsitze
Sprachsteuerung
Spurhalteassistent
Start/Stopp-Automatik
Tempomat
Touchscreen
Traktionskontrolle
Tuner/Radio
USB
Winterpaket
WLAN / Wifi Hotspot
Zentralverriegelung",Ford Autozentrum Biedenkopf Acker GmbH & Co. KG,35394,Gießen,An der Automeile 12,+49 (0)641 2010132885,4.9,23,07.04.2020
Ford Focus 1.0 EcoBoost Titanium Turnier PSD -50%*,17.898 €,Unfallfrei,Kombi,Deutsche Ausführung,"ca. 6,1 l/100km (kombiniert)
ca. 6,0 l/100km (innerorts)
ca. 4,3 l/100km (außerorts)",14.408 km,998 cm³,92 kW (125 PS),"Benzin, E10-geeignet",ca. 136 g/km (kombiniert),1,5,4/5,Schaltgetriebe,Euro6d-TEMP,4 (Grün),01/2019,Neu,2-Zonen-Klimaautomatik,,"Vorne, Hinten, Kamera, Selbstlenkende Systeme","Front-, Seiten- und weitere Airbags",Iridium-Schwarz Mica,Schwarz Metallic,Stoff,https://i.ebayimg.com/00/s/MTM1OFgxNDAw/z/A08AAOSw9J9eAfyh/$_57.jpg,https://i.ebayimg.com/00/s/NzY4WDEwMjQ=/z/MDsAAOSwq3Feb9Eo/$_57.jpg,https://i.ebayimg.com/00/s/NzY4WDEwMjQ=/z/DTEAAOSwnSBeb9Eo/$_57.jpg,https://i.ebayimg.com/00/s/NzY4WDEwMjQ=/z/xsYAAOSwq4Neb9Eo/$_57.jpg,https://i.ebayimg.com/00/s/NzY4WDEwMjQ=/z/GyQAAOSwkeFeb9Eo/$_57.jpg,https://i.ebayimg.com/00/s/NzY4WDEwMjQ=/z/H44AAOSwieleb9Eo/$_57.jpg,https://i.ebayimg.com/00/s/NzY4WDEwMjQ=/z/rQ8AAOSwLlleb9Eo/$_57.jpg,https://i.ebayimg.com/00/s/OTI1WDE0MDA=/z/gvIAAOSwrrleAfyh/$_57.jpg,https://i.ebayimg.com/00/s/OTI1WDE0MDA=/z/gvIAAOSwrrleAfyh/$_57.jpg,,,,"ABS
Allwetterreifen
Ambiente-Beleuchtung
Android Auto
Apple CarPlay
Armlehne
Beheizbare Frontscheibe
Beheizbares Lenkrad
Berganfahrassistent
Bluetooth
Bordcomputer
Dachreling
Elektr. Fensterheber
Elektr. Heckklappe
Elektr. Seitenspiegel
Elektr. Wegfahrsperre
ESP
Freisprecheinrichtung
Garantie
Geschwindigkeitsbegrenzer
Induktionsladen für Smartphones
Innenspiegel autom. abblendend
Isofix
Kurvenlicht
Lederlenkrad
LED-Scheinwerfer
LED-Tagfahrlicht
Leichtmetallfelgen
Lichtsensor
Lordosenstütze
Multifunktionslenkrad
Musikstreaming integriert
Navigationssystem
Nebelscheinwerfer
Nichtraucher-Fahrzeug
Notbremsassistent
Notrad
Notrufsystem
Panorama-Dach
Raucherpaket
Regensensor
Reifendruckkontrolle
Scheckheftgepflegt
Schiebedach
Schlüssellose Zentralverriegelung
Servolenkung
Sitzheizung
Soundsystem
Sportsitze
Sprachsteuerung
Spurhalteassistent
Start/Stopp-Automatik
Tempomat
Touchscreen
Traktionskontrolle
Tuner/Radio
USB
Winterpaket
WLAN / Wifi Hotspot
Zentralverriegelung",Ford Autozentrum Biedenkopf Acker GmbH & Co. KG,35394,Gießen,An der Automeile 12,+49 (0)641 2010103214,4.9,23,07.04.2020
Ford Focus 1.0 EcoBoost Titanium Turnier Navi -45%*,17.398 €,Unfallfrei,"Kombi, Jahreswagen",Deutsche Ausführung,"ca. 6,0 l/100km (kombiniert)
ca. 6,0 l/100km (innerorts)
ca. 4,9 l/100km (außerorts)",7.978 km,998 cm³,92 kW (125 PS),"Benzin, E10-geeignet",ca. 133 g/km (kombiniert),1,5,4/5,Schaltgetriebe,Euro6d-TEMP,4 (Grün),05/2019,,2-Zonen-Klimaautomatik,,"Vorne, Hinten","Front-, Seiten- und weitere Airbags",Frost-Weiß,Weiß,Stoff,https://i.ebayimg.com/00/s/MTM1OFgxNDAw/z/A08AAOSw9J9eAfyh/$_57.jpg,https://i.ebayimg.com/00/s/NzY4WDEwMjQ=/z/Te8AAOSw3adeb-fN/$_57.jpg,https://i.ebayimg.com/00/s/NzY4WDEwMjQ=/z/B1UAAOSwLu5eb-fN/$_57.jpg,https://i.ebayimg.com/00/s/NzY4WDEwMjQ=/z/p0QAAOSw5BNeb-fN/$_57.jpg,https://i.ebayimg.com/00/s/NzY4WDEwMjQ=/z/UuUAAOSwY2peb-fN/$_57.jpg,https://i.ebayimg.com/00/s/NzY4WDEwMjQ=/z/io8AAOSwT99eb-fN/$_57.jpg,https://i.ebayimg.com/00/s/NzY4WDEwMjQ=/z/P4gAAOSw5bdeb-fN/$_57.jpg,https://i.ebayimg.com/00/s/OTI1WDE0MDA=/z/gvIAAOSwrrleAfyh/$_57.jpg,https://i.ebayimg.com/00/s/OTI1WDE0MDA=/z/gvIAAOSwrrleAfyh/$_57.jpg,,,,"ABS
Ambiente-Beleuchtung
Android Auto
Apple CarPlay
Armlehne
Beheizbare Frontscheibe
Beheizbares Lenkrad
Berganfahrassistent
Bluetooth
Bordcomputer
Dachreling
Elektr. Fensterheber
Elektr. Seitenspiegel
Elektr. Wegfahrsperre
ESP
Fernlichtassistent
Freisprecheinrichtung
Garantie
Geschwindigkeitsbegrenzer
Innenspiegel autom. abblendend
Isofix
Kurvenlicht
Lederlenkrad
LED-Tagfahrlicht
Leichtmetallfelgen
Lichtsensor
Lordosenstütze
Multifunktionslenkrad
Musikstreaming integriert
Navigationssystem
Nebelscheinwerfer
Nichtraucher-Fahrzeug
Notbremsassistent
Notrad
Notrufsystem
Raucherpaket
Regensensor
Reifendruckkontrolle
Scheckheftgepflegt
Schlüssellose Zentralverriegelung
Servolenkung
Sitzheizung
Sportsitze
Sprachsteuerung
Spurhalteassistent
Start/Stopp-Automatik
Tempomat
Touchscreen
Traktionskontrolle
Tuner/Radio
USB
Winterpaket
WLAN / Wifi Hotspot
Zentralverriegelung",Ford Autozentrum Biedenkopf Acker GmbH & Co. KG,35394,Gießen,An der Automeile 12,+49 (0)641 2010940629,4.9,23,07.04.2020
Ford Focus 1.0 EcoBoost Titanium Turnier -45%*,17.398 €,Unfallfrei,"Kombi, Jahreswagen",Deutsche Ausführung,"ca. 5,8 l/100km (kombiniert)
ca. 5,9 l/100km (innerorts)
ca. 4,1 l/100km (außerorts)",9.408 km,998 cm³,92 kW (125 PS),"Benzin, E10-geeignet",ca. 130 g/km (kombiniert),1,5,4/5,Schaltgetriebe,Euro6d-TEMP,4 (Grün),07/2019,,2-Zonen-Klimaautomatik,,"Vorne, Hinten","Front-, Seiten- und weitere Airbags",Frost-Weiß,Weiß,Stoff,https://i.ebayimg.com/00/s/MTM1OFgxNDAw/z/A08AAOSw9J9eAfyh/$_57.jpg,https://i.ebayimg.com/00/s/NzY4WDEwMjQ=/z/m-QAAOSwrcZeb-s3/$_57.jpg,https://i.ebayimg.com/00/s/NzY4WDEwMjQ=/z/aMoAAOSwyd1eb-s3/$_57.jpg,https://i.ebayimg.com/00/s/NzY4WDEwMjQ=/z/wnwAAOSweLZeb-s3/$_57.jpg,https://i.ebayimg.com/00/s/NzY4WDEwMjQ=/z/n6UAAOSwwgVeb-s3/$_57.jpg,https://i.ebayimg.com/00/s/NzY4WDEwMjQ=/z/fuUAAOSwDaFeb-s3/$_57.jpg,https://i.ebayimg.com/00/s/NzY4WDEwMjQ=/z/rioAAOSwR7Reb-s3/$_57.jpg,https://i.ebayimg.com/00/s/OTI1WDE0MDA=/z/gvIAAOSwrrleAfyh/$_57.jpg,https://i.ebayimg.com/00/s/OTI1WDE0MDA=/z/gvIAAOSwrrleAfyh/$_57.jpg,,,,"ABS
Ambiente-Beleuchtung
Android Auto
Apple CarPlay
Armlehne
Beheizbare Frontscheibe
Beheizbares Lenkrad
Berganfahrassistent
Bluetooth
Bordcomputer
Dachreling
Elektr. Fensterheber
Elektr. Seitenspiegel
Elektr. Wegfahrsperre
ESP
Freisprecheinrichtung
Garantie
Geschwindigkeitsbegrenzer
Innenspiegel autom. abblendend
Isofix
Kurvenlicht
Lederlenkrad
LED-Tagfahrlicht
Leichtmetallfelgen
Lichtsensor
Lordosenstütze
Multifunktionslenkrad
Musikstreaming integriert
Navigationssystem
Nebelscheinwerfer
Nichtraucher-Fahrzeug
Notbremsassistent
Notrad
Notrufsystem
Raucherpaket
Regensensor
Reifendruckkontrolle
Scheckheftgepflegt
Schlüssellose Zentralverriegelung
Servolenkung
Sitzheizung
Sommerreifen
Sportsitze
Sprachsteuerung
Spurhalteassistent
Start/Stopp-Automatik
Tempomat
Touchscreen
Traktionskontrolle
Tuner/Radio
USB
Winterpaket
WLAN / Wifi Hotspot
Zentralverriegelung",Ford Autozentrum Biedenkopf Acker GmbH & Co. KG,35394,Gießen,An der Automeile 12,+49 (0)641 2010917963,4.9,23,07.04.2020
Ford Focus 1.0 EcoBoost ST-Line Turnier iACC -46%*,18.998 €,Unfallfrei,"Kombi, Jahreswagen",Deutsche Ausführung,"ca. 6,1 l/100km (kombiniert)
ca. 6,0 l/100km (innerorts)
ca. 4,3 l/100km (außerorts)",9.665 km,998 cm³,92 kW (125 PS),"Benzin, E10-geeignet",ca. 136 g/km (kombiniert),1,5,4/5,Schaltgetriebe,Euro6d-TEMP,4 (Grün),02/2019,Neu,Klimaanlage,,"Vorne, Hinten, Kamera, Selbstlenkende Systeme","Front-, Seiten- und weitere Airbags",Iridium-Schwarz Mica,Schwarz Metallic,Stoff,https://i.ebayimg.com/00/s/MTM1OFgxNDAw/z/A08AAOSw9J9eAfyh/$_57.jpg,https://i.ebayimg.com/00/s/NzY4WDEwMjQ=/z/RusAAOSwzateb9EA/$_57.jpg,https://i.ebayimg.com/00/s/NzY4WDEwMjQ=/z/aXUAAOSwuhheb9EA/$_57.jpg,https://i.ebayimg.com/00/s/NzY4WDEwMjQ=/z/yHcAAOSwRIleb9D~/$_57.jpg,https://i.ebayimg.com/00/s/NzY4WDEwMjQ=/z/iVgAAOSwYY1eb9EA/$_57.jpg,https://i.ebayimg.com/00/s/NzY4WDEwMjQ=/z/03YAAOSwPf1eb9EA/$_57.jpg,https://i.ebayimg.com/00/s/NzY4WDEwMjQ=/z/CaAAAOSwCKleb9D~/$_57.jpg,https://i.ebayimg.com/00/s/OTI1WDE0MDA=/z/gvIAAOSwrrleAfyh/$_57.jpg,https://i.ebayimg.com/00/s/OTI1WDE0MDA=/z/gvIAAOSwrrleAfyh/$_57.jpg,,,,"ABS
Abstandstempomat
Abstandswarner
Allwetterreifen
Android Auto
Apple CarPlay
Armlehne
Beheizbare Frontscheibe
Beheizbares Lenkrad
Berganfahrassistent
Bluetooth
Bordcomputer
Dachreling
Elektr. Fensterheber
Elektr. Heckklappe
Elektr. Seitenspiegel
Elektr. Wegfahrsperre
ESP
Fernlichtassistent
Freisprecheinrichtung
Garantie
Geschwindigkeitsbegrenzer
Innenspiegel autom. abblendend
Isofix
Kurvenlicht
Lederlenkrad
LED-Scheinwerfer
LED-Tagfahrlicht
Leichtmetallfelgen
Lichtsensor
Lordosenstütze
Müdigkeitswarner
Multifunktionslenkrad
Musikstreaming integriert
Navigationssystem
Nebelscheinwerfer
Nichtraucher-Fahrzeug
Notbremsassistent
Notrad
Notrufsystem
Radio DAB
Raucherpaket
Regensensor
Reifendruckkontrolle
Scheckheftgepflegt
Schlüssellose Zentralverriegelung
Servolenkung
Sitzheizung
Sportpaket
Sportsitze
Sprachsteuerung
Spurhalteassistent
Start/Stopp-Automatik
Touchscreen
Traktionskontrolle
USB
Verkehrszeichenerkennung
Winterpaket
WLAN / Wifi Hotspot
Zentralverriegelung",Ford Autozentrum Biedenkopf Acker GmbH & Co. KG,35394,Gießen,An der Automeile 12,+49 (0)641 2010100586,4.9,23,07.04.2020
Ford Focus 1.0 EcoBoost ST-Line Turnier RFK -47%*,17.998 €,Unfallfrei,"Kombi, Jahreswagen",Deutsche Ausführung,"ca. 6,0 l/100km (kombiniert)
ca. 6,0 l/100km (innerorts)
ca. 4,3 l/100km (außerorts)",15.082 km,998 cm³,92 kW (125 PS),"Benzin, E10-geeignet",ca. 135 g/km (kombiniert),1,5,4/5,Schaltgetriebe,Euro6d-TEMP,4 (Grün),01/2019,Neu,Klimaanlage,,"Vorne, Hinten, Kamera, Selbstlenkende Systeme","Front-, Seiten- und weitere Airbags",Iridium-Schwarz Mica,Schwarz Metallic,Teilleder,https://i.ebayimg.com/00/s/MTM1OFgxNDAw/z/A08AAOSw9J9eAfyh/$_57.jpg,https://i.ebayimg.com/00/s/NzY4WDEwMjQ=/z/NgUAAOSwLRpeb-s8/$_57.jpg,https://i.ebayimg.com/00/s/NzY4WDEwMjQ=/z/rPYAAOSw2j5eb-s8/$_57.jpg,https://i.ebayimg.com/00/s/NzY4WDEwMjQ=/z/hWsAAOSwXsBeb-s7/$_57.jpg,https://i.ebayimg.com/00/s/NzY4WDEwMjQ=/z/2pMAAOSwfkpeb-s8/$_57.jpg,https://i.ebayimg.com/00/s/NzY4WDEwMjQ=/z/qLQAAOSwpGpeb-s8/$_57.jpg,https://i.ebayimg.com/00/s/OTI1WDE0MDA=/z/gvIAAOSwrrleAfyh/$_57.jpg,,,,,,"ABS
Allwetterreifen
Android Auto
Apple CarPlay
Armlehne
Beheizbare Frontscheibe
Beheizbares Lenkrad
Berganfahrassistent
Bluetooth
Bordcomputer
Dachreling
Elektr. Fensterheber
Elektr. Heckklappe
Elektr. Seitenspiegel
Elektr. Sitzeinstellung
Elektr. Wegfahrsperre
ESP
Freisprecheinrichtung
Garantie
Geschwindigkeitsbegrenzer
Isofix
Kurvenlicht
Lederlenkrad
LED-Tagfahrlicht
Leichtmetallfelgen
Lichtsensor
Lordosenstütze
Multifunktionslenkrad
Musikstreaming integriert
Navigationssystem
Nebelscheinwerfer
Nichtraucher-Fahrzeug
Notbremsassistent
Notrad
Notrufsystem
Radio DAB
Raucherpaket
Reifendruckkontrolle
Scheckheftgepflegt
Schlüssellose Zentralverriegelung
Servolenkung
Sitzheizung
Sportpaket
Sportsitze
Sprachsteuerung
Spurhalteassistent
Start/Stopp-Automatik
Tempomat
Touchscreen
Traktionskontrolle
USB
Winterpaket
WLAN / Wifi Hotspot
Zentralverriegelung",Ford Autozentrum Biedenkopf Acker GmbH & Co. KG,35394,Gießen,An der Automeile 12,+49 (0)641 2010940677,4.9,23,07.04.2020
Ford Focus 1.0 EcoBoost ST-Line Turnier RFK -46%*,18.498 €,Unfallfrei,"Kombi, Jahreswagen",Deutsche Ausführung,"ca. 6,0 l/100km (kombiniert)
ca. 6,0 l/100km (innerorts)
ca. 4,3 l/100km (außerorts)",5.333 km,998 cm³,92 kW (125 PS),"Benzin, E10-geeignet",ca. 135 g/km (kombiniert),1,5,4/5,Schaltgetriebe,Euro6d-TEMP,4 (Grün),02/2019,Neu,Klimaanlage,,"Vorne, Hinten, Kamera, Selbstlenkende Systeme","Front-, Seiten- und weitere Airbags",Iridium-Schwarz Mica,Schwarz Metallic,Teilleder,https://i.ebayimg.com/00/s/MTM1OFgxNDAw/z/A08AAOSw9J9eAfyh/$_57.jpg,https://i.ebayimg.com/00/s/NzY4WDEwMjQ=/z/KMYAAOSwGVVeb9An/$_57.jpg,https://i.ebayimg.com/00/s/NzY4WDEwMjQ=/z/JLkAAOSwIlBeb9An/$_57.jpg,https://i.ebayimg.com/00/s/NzY4WDEwMjQ=/z/-f4AAOSw4oJeb9An/$_57.jpg,https://i.ebayimg.com/00/s/NzY4WDEwMjQ=/z/L~4AAOSwuyteb9An/$_57.jpg,https://i.ebayimg.com/00/s/NzY4WDEwMjQ=/z/8wsAAOSwqw5eb9An/$_57.jpg,https://i.ebayimg.com/00/s/OTI1WDE0MDA=/z/gvIAAOSwrrleAfyh/$_57.jpg,,,,,,"ABS
Allwetterreifen
Android Auto
Apple CarPlay
Armlehne
Beheizbare Frontscheibe
Beheizbares Lenkrad
Berganfahrassistent
Bluetooth
Bordcomputer
Dachreling
Elektr. Fensterheber
Elektr. Heckklappe
Elektr. Seitenspiegel
Elektr. Sitzeinstellung
Elektr. Wegfahrsperre
ESP
Freisprecheinrichtung
Garantie
Geschwindigkeitsbegrenzer
Isofix
Kurvenlicht
Lederlenkrad
LED-Tagfahrlicht
Leichtmetallfelgen
Lichtsensor
Lordosenstütze
Multifunktionslenkrad
Musikstreaming integriert
Navigationssystem
Nebelscheinwerfer
Nichtraucher-Fahrzeug
Notbremsassistent
Notrad
Notrufsystem
Raucherpaket
Reifendruckkontrolle
Scheckheftgepflegt
Schlüssellose Zentralverriegelung
Servolenkung
Sitzheizung
Sportpaket
Sportsitze
Sprachsteuerung
Spurhalteassistent
Start/Stopp-Automatik
Tempomat
Touchscreen
Traktionskontrolle
USB
Winterpaket
WLAN / Wifi Hotspot
Zentralverriegelung",Ford Autozentrum Biedenkopf Acker GmbH & Co. KG,35394,Gießen,An der Automeile 12,+49 (0)641 2010941089,4.9,23,07.04.2020
Ford Focus 1.0 EcoBoost ST-Line Turnier Navi -41%*,19.298 €,Unfallfrei,"Kombi, Jahreswagen",Deutsche Ausführung,"ca. 6,0 l/100km (kombiniert)
ca. 6,0 l/100km (innerorts)
ca. 4,3 l/100km (außerorts)",5.326 km,998 cm³,92 kW (125 PS),"Benzin, E10-geeignet",ca. 135 g/km (kombiniert),1,5,4/5,Schaltgetriebe,Euro6d-TEMP,4 (Grün),08/2019,,2-Zonen-Klimaautomatik,,"Vorne, Hinten","Front-, Seiten- und weitere Airbags",Frost-Weiß,Weiß,Stoff,https://i.ebayimg.com/00/s/MTM1OFgxNDAw/z/A08AAOSw9J9eAfyh/$_57.jpg,https://i.ebayimg.com/00/s/NzY4WDEwMjQ=/z/~pYAAOSwU~Veb9Ax/$_57.jpg,https://i.ebayimg.com/00/s/NzY4WDEwMjQ=/z/CjcAAOSwvNpeb9Ax/$_57.jpg,https://i.ebayimg.com/00/s/NzY4WDEwMjQ=/z/TsQAAOSwHOFeb9Ax/$_57.jpg,https://i.ebayimg.com/00/s/NzY4WDEwMjQ=/z/D9oAAOSwVsJeb9Ay/$_57.jpg,https://i.ebayimg.com/00/s/NzY4WDEwMjQ=/z/dHsAAOSwVw9eb9Ax/$_57.jpg,https://i.ebayimg.com/00/s/OTI1WDE0MDA=/z/gvIAAOSwrrleAfyh/$_57.jpg,,,,,,"ABS
Allwetterreifen
Android Auto
Apple CarPlay
Armlehne
Beheizbare Frontscheibe
Beheizbares Lenkrad
Berganfahrassistent
Bluetooth
Bordcomputer
Dachreling
Elektr. Fensterheber
Elektr. Seitenspiegel
Elektr. Wegfahrsperre
ESP
Freisprecheinrichtung
Garantie
Geschwindigkeitsbegrenzer
Innenspiegel autom. abblendend
Isofix
Kurvenlicht
Lederlenkrad
LED-Tagfahrlicht
Leichtmetallfelgen
Lichtsensor
Lordosenstütze
Multifunktionslenkrad
Musikstreaming integriert
Navigationssystem
Nebelscheinwerfer
Nichtraucher-Fahrzeug
Notbremsassistent
Notrad
Notrufsystem
Raucherpaket
Regensensor
Reifendruckkontrolle
Scheckheftgepflegt
Schlüssellose Zentralverriegelung
Servolenkung
Sitzheizung
Sommerreifen
Sportpaket
Sportsitze
Sprachsteuerung
Spurhalteassistent
Tempomat
Touchscreen
Traktionskontrolle
Tuner/Radio
USB
Winterpaket
WLAN / Wifi Hotspot
Zentralverriegelung",Ford Autozentrum Biedenkopf Acker GmbH & Co. KG,35394,Gießen,An der Automeile 12,+49 (0)641 2010942613,4.9,23,07.04.2020
Ford Focus 1.0 EcoBoost ST-Line Turnier LED -49%*,17.998 €,Unfallfrei,"Kombi, Jahreswagen",Deutsche Ausführung,"ca. 6,1 l/100km (kombiniert)
ca. 6,0 l/100km (innerorts)
ca. 4,3 l/100km (außerorts)",21.762 km,998 cm³,92 kW (125 PS),"Benzin, E10-geeignet",ca. 136 g/km (kombiniert),1,5,4/5,Schaltgetriebe,Euro6d-TEMP,4 (Grün),02/2019,Neu,Klimaanlage,,"Vorne, Hinten, Kamera, Selbstlenkende Systeme","Front-, Seiten- und weitere Airbags",Iridium-Schwarz Mica,Schwarz Metallic,Stoff,https://i.ebayimg.com/00/s/MTA0OVgxNDAw/z/HL8AAOSwD3deb~sT/$_57.jpg,https://i.ebayimg.com/00/s/MTM1OFgxNDAw/z/A08AAOSw9J9eAfyh/$_57.jpg,https://i.ebayimg.com/00/s/NzY4WDEwMjQ=/z/GOkAAOSwwnpeb9Md/$_57.jpg,https://i.ebayimg.com/00/s/NzY4WDEwMjQ=/z/u9MAAOSwdHNeb9Md/$_57.jpg,https://i.ebayimg.com/00/s/NzY4WDEwMjQ=/z/DTgAAOSwPPheb9Md/$_57.jpg,https://i.ebayimg.com/00/s/NzY4WDEwMjQ=/z/15QAAOSwTopeb9Md/$_57.jpg,https://i.ebayimg.com/00/s/NzY4WDEwMjQ=/z/NC4AAOSwgyNeb9Md/$_57.jpg,https://i.ebayimg.com/00/s/NzY4WDEwMjQ=/z/jb8AAOSwwgVeb9Md/$_57.jpg,https://i.ebayimg.com/00/s/NzY4WDEwMjQ=/z/jb8AAOSwwgVeb9Md/$_57.jpg,https://i.ebayimg.com/00/s/MTA0OVgxNDAw/z/a-gAAOSwtyxeb9I-/$_57.jpg,https://i.ebayimg.com/00/s/MTA1MFgxNDAw/z/5bIAAOSwoGdeb9Fx/$_57.jpg,,"ABS
Abstandstempomat
Abstandswarner
Allwetterreifen
Ambiente-Beleuchtung
Android Auto
Apple CarPlay
Armlehne
Beheizbare Frontscheibe
Beheizbares Lenkrad
Berganfahrassistent
Bluetooth
Bordcomputer
Dachreling
Elektr. Fensterheber
Elektr. Heckklappe
Elektr. Seitenspiegel
Elektr. Wegfahrsperre
ESP
Fernlichtassistent
Freisprecheinrichtung
Garantie
Geschwindigkeitsbegrenzer
Innenspiegel autom. abblendend
Isofix
Kurvenlicht
Lederlenkrad
LED-Scheinwerfer
LED-Tagfahrlicht
Leichtmetallfelgen
Lichtsensor
Lordosenstütze
Müdigkeitswarner
Musikstreaming integriert
Navigationssystem
Nebelscheinwerfer
Nichtraucher-Fahrzeug
Notbremsassistent
Notrad
Notrufsystem
Radio DAB
Raucherpaket
Regensensor
Reifendruckkontrolle
Scheckheftgepflegt
Schlüssellose Zentralverriegelung
Servolenkung
Sitzheizung
Sportpaket
Sportsitze
Sprachsteuerung
Spurhalteassistent
Start/Stopp-Automatik
Touchscreen
Traktionskontrolle
USB
Verkehrszeichenerkennung
Winterpaket
Zentralverriegelung",Ford Autozentrum Biedenkopf Acker GmbH & Co. KG,35394,Gießen,An der Automeile 12,+49 (0)641 2010917781,4.9,23,07.04.2020
Ford Focus 1.0 EcoBoost ST-Line Turnier Aut. -41%*,21.998 €,Unfallfrei,"Kombi, Jahreswagen",Deutsche Ausführung,"ca. 6,9 l/100km (kombiniert)
ca. 7,3 l/100km (innerorts)
ca. 4,9 l/100km (außerorts)",9.984 km,998 cm³,92 kW (125 PS),"Benzin, E10-geeignet",ca. 155 g/km (kombiniert),1,5,4/5,Automatik,Euro6d-TEMP,4 (Grün),07/2019,,2-Zonen-Klimaautomatik,,"Vorne, Hinten, Kamera, Selbstlenkende Systeme","Front-, Seiten- und weitere Airbags",Chroma Blau Metallic,Blau Metallic,Teilleder,https://i.ebayimg.com/00/s/MTM1OFgxNDAw/z/A08AAOSw9J9eAfyh/$_57.jpg,https://i.ebayimg.com/00/s/NzY4WDEwMjQ=/z/NakAAOSw7tReb-qC/$_57.jpg,https://i.ebayimg.com/00/s/NzY4WDEwMjQ=/z/zs0AAOSwlANeb-qC/$_57.jpg,https://i.ebayimg.com/00/s/NzY4WDEwMjQ=/z/oasAAOSw4HFeb-qC/$_57.jpg,https://i.ebayimg.com/00/s/NzY4WDEwMjQ=/z/IMMAAOSwg0deb-qC/$_57.jpg,https://i.ebayimg.com/00/s/NzY4WDEwMjQ=/z/AtIAAOSwLfZeb-qC/$_57.jpg,https://i.ebayimg.com/00/s/OTI1WDE0MDA=/z/gvIAAOSwrrleAfyh/$_57.jpg,,,,,,"ABS
Abstandstempomat
Abstandswarner
Android Auto
Apple CarPlay
Armlehne
Beheizbare Frontscheibe
Beheizbares Lenkrad
Berganfahrassistent
Bluetooth
Bordcomputer
Dachreling
Elektr. Fensterheber
Elektr. Seitenspiegel
Elektr. Sitzeinstellung
Elektr. Wegfahrsperre
ESP
Fernlichtassistent
Freisprecheinrichtung
Garantie
Geschwindigkeitsbegrenzer
Head-Up Display
Innenspiegel autom. abblendend
Isofix
Kurvenlicht
Lederlenkrad
LED-Tagfahrlicht
Leichtmetallfelgen
Lichtsensor
Lordosenstütze
Müdigkeitswarner
Multifunktionslenkrad
Musikstreaming integriert
Navigationssystem
Nebelscheinwerfer
Nichtraucher-Fahrzeug
Notbremsassistent
Notrad
Notrufsystem
Raucherpaket
Regensensor
Reifendruckkontrolle
Schaltwippen
Scheckheftgepflegt
Schlüssellose Zentralverriegelung
Servolenkung
Sitzheizung
Sommerreifen
Sportpaket
Sportsitze
Sprachsteuerung
Spurhalteassistent
Start/Stopp-Automatik
Totwinkel-Assistent
Touchscreen
Traktionskontrolle
Tuner/Radio
USB
Verkehrszeichenerkennung
Winterpaket
WLAN / Wifi Hotspot
Zentralverriegelung",Ford Autozentrum Biedenkopf Acker GmbH & Co. KG,35394,Gießen,An der Automeile 12,+49 (0)641 2010942604,4.9,23,07.04.2020
Ford Focus 1.0 EcoBoost ST-Line Turnier iACC -49%*,18.195 €,Unfallfrei,"Kombi, Jahreswagen",Deutsche Ausführung,"ca. 6,1 l/100km (kombiniert)
ca. 6,0 l/100km (innerorts)
ca. 4,3 l/100km (außerorts)",19.504 km,998 cm³,92 kW (125 PS),"Benzin, E10-geeignet",ca. 136 g/km (kombiniert),1,5,4/5,Schaltgetriebe,Euro6d-TEMP,4 (Grün),02/2019,Neu,Klimaanlage,,"Vorne, Hinten, Kamera, Selbstlenkende Systeme","Front-, Seiten- und weitere Airbags",Iridium-Schwarz Mica,Schwarz Metallic,Stoff,https://i.ebayimg.com/00/s/MTM1OFgxNDAw/z/A08AAOSw9J9eAfyh/$_57.jpg,https://i.ebayimg.com/00/s/NzY4WDEwMjQ=/z/5JsAAOSw8qBeb9EU/$_57.jpg,https://i.ebayimg.com/00/s/NzY4WDEwMjQ=/z/KIkAAOSwbRFeb9EU/$_57.jpg,https://i.ebayimg.com/00/s/NzY4WDEwMjQ=/z/28AAAOSwcLleb9EU/$_57.jpg,https://i.ebayimg.com/00/s/NzY4WDEwMjQ=/z/A1wAAOSwoNpeb9EU/$_57.jpg,https://i.ebayimg.com/00/s/NzY4WDEwMjQ=/z/54sAAOSwH5Neb9EU/$_57.jpg,https://i.ebayimg.com/00/s/NzY4WDEwMjQ=/z/w0oAAOSwITVeb9EU/$_57.jpg,https://i.ebayimg.com/00/s/OTI1WDE0MDA=/z/gvIAAOSwrrleAfyh/$_57.jpg,https://i.ebayimg.com/00/s/OTI1WDE0MDA=/z/gvIAAOSwrrleAfyh/$_57.jpg,,,,"ABS
Abstandstempomat
Abstandswarner
Allwetterreifen
Android Auto
Apple CarPlay
Armlehne
Beheizbare Frontscheibe
Beheizbares Lenkrad
Berganfahrassistent
Bluetooth
Bordcomputer
Dachreling
Elektr. Fensterheber
Elektr. Heckklappe
Elektr. Seitenspiegel
Elektr. Wegfahrsperre
ESP
Fernlichtassistent
Freisprecheinrichtung
Garantie
Geschwindigkeitsbegrenzer
Innenspiegel autom. abblendend
Isofix
Kurvenlicht
Lederlenkrad
LED-Scheinwerfer
LED-Tagfahrlicht
Leichtmetallfelgen
Lichtsensor
Lordosenstütze
Müdigkeitswarner
Multifunktionslenkrad
Musikstreaming integriert
Navigationssystem
Nebelscheinwerfer
Nichtraucher-Fahrzeug
Notbremsassistent
Notrad
Notrufsystem
Raucherpaket
Regensensor
Reifendruckkontrolle
Scheckheftgepflegt
Schlüssellose Zentralverriegelung
Servolenkung
Sitzheizung
Sportpaket
Sportsitze
Sprachsteuerung
Spurhalteassistent
Start/Stopp-Automatik
Touchscreen
Traktionskontrolle
Tuner/Radio
USB
Verkehrszeichenerkennung
Winterpaket
WLAN / Wifi Hotspot
Zentralverriegelung",Ford Autozentrum Biedenkopf Acker GmbH & Co. KG,35394,Gießen,An der Automeile 12,+49 (0)641 2010944391,4.9,23,07.04.2020
Ford Focus 1.0 EcoBoost Cool&Connect Turnier -47%*,15.798 €,Unfallfrei,"Kombi, Jahreswagen",Deutsche Ausführung,"ca. 5,8 l/100km (kombiniert)
ca. 5,8 l/100km (innerorts)
ca. 4,1 l/100km (außerorts)",18.552 km,998 cm³,74 kW (101 PS),"Benzin, E10-geeignet",ca. 129 g/km (kombiniert),1,5,4/5,Schaltgetriebe,Euro6d-TEMP,4 (Grün),02/2019,Neu,Klimaanlage,,"Vorne, Hinten, Kamera","Front-, Seiten- und weitere Airbags",Iridium-Schwarz Mica,Schwarz Metallic,Stoff,https://i.ebayimg.com/00/s/MTM1OFgxNDAw/z/A08AAOSw9J9eAfyh/$_57.jpg,https://i.ebayimg.com/00/s/NzY4WDEwMjQ=/z/6MwAAOSwSsheb9Dc/$_57.jpg,https://i.ebayimg.com/00/s/NzY4WDEwMjQ=/z/Wf4AAOSwwU9eb9Dd/$_57.jpg,https://i.ebayimg.com/00/s/NzY4WDEwMjQ=/z/XxMAAOSwm8teb9Dc/$_57.jpg,https://i.ebayimg.com/00/s/NzY4WDEwMjQ=/z/yocAAOSwtANeb9Dc/$_57.jpg,https://i.ebayimg.com/00/s/OTI1WDE0MDA=/z/gvIAAOSwrrleAfyh/$_57.jpg,,,,,,,"ABS
Android Auto
Apple CarPlay
Armlehne
Beheizbare Frontscheibe
Beheizbares Lenkrad
Berganfahrassistent
Bluetooth
Bordcomputer
Dachreling
Elektr. Fensterheber
Elektr. Seitenspiegel
Elektr. Wegfahrsperre
ESP
Freisprecheinrichtung
Garantie
Geschwindigkeitsbegrenzer
Innenspiegel autom. abblendend
Isofix
Kurvenlicht
Lederlenkrad
LED-Tagfahrlicht
Leichtmetallfelgen
Lichtsensor
Lordosenstütze
Multifunktionslenkrad
Musikstreaming integriert
Navigationssystem
Nebelscheinwerfer
Nichtraucher-Fahrzeug
Notbremsassistent
Notrufsystem
Pannenkit
Raucherpaket
Regensensor
Reifendruckkontrolle
Scheckheftgepflegt
Servolenkung
Sitzheizung
Sommerreifen
Sportsitze
Sprachsteuerung
Spurhalteassistent
Start/Stopp-Automatik
Tempomat
Touchscreen
Traktionskontrolle
Tuner/Radio
USB
Winterpaket
Zentralverriegelung",Ford Autozentrum Biedenkopf Acker GmbH & Co. KG,35394,Gießen,An der Automeile 12,+49 (0)641 2010680647,4.9,23,07.04.2020
Ford Focus 1.0 EcoBoost Cool&Connect Turnier -44%*,16.390 €,Unfallfrei,"Kombi, Jahreswagen",Deutsche Ausführung,"ca. 5,8 l/100km (kombiniert)
ca. 5,8 l/100km (innerorts)
ca. 4,1 l/100km (außerorts)",9.514 km,998 cm³,74 kW (101 PS),"Benzin, E10-geeignet",ca. 129 g/km (kombiniert),1,5,4/5,Schaltgetriebe,Euro6d-TEMP,4 (Grün),03/2019,Neu,Klimaanlage,,"Vorne, Hinten, Kamera","Front-, Seiten- und weitere Airbags",Frost-Weiß,Weiß,Stoff,https://i.ebayimg.com/00/s/MTM1OFgxNDAw/z/A08AAOSw9J9eAfyh/$_57.jpg,https://i.ebayimg.com/00/s/NzY4WDEwMjQ=/z/rMMAAOSwdaxeb8-7/$_57.jpg,https://i.ebayimg.com/00/s/NzY4WDEwMjQ=/z/28MAAOSw~Qteb8-8/$_57.jpg,https://i.ebayimg.com/00/s/NzY4WDEwMjQ=/z/GFoAAOSwj7heb8-7/$_57.jpg,https://i.ebayimg.com/00/s/NzY4WDEwMjQ=/z/KLcAAOSwHy5eb8-7/$_57.jpg,https://i.ebayimg.com/00/s/OTI1WDE0MDA=/z/gvIAAOSwrrleAfyh/$_57.jpg,,,,,,,"ABS
Android Auto
Apple CarPlay
Armlehne
Beheizbare Frontscheibe
Beheizbares Lenkrad
Berganfahrassistent
Bluetooth
Bordcomputer
Dachreling
Elektr. Fensterheber
Elektr. Seitenspiegel
Elektr. Wegfahrsperre
ESP
Freisprecheinrichtung
Garantie
Geschwindigkeitsbegrenzer
Innenspiegel autom. abblendend
Isofix
Kurvenlicht
Lederlenkrad
Leichtmetallfelgen
Lichtsensor
Lordosenstütze
Multifunktionslenkrad
Musikstreaming integriert
Navigationssystem
Nebelscheinwerfer
Nichtraucher-Fahrzeug
Notbremsassistent
Notrad
Notrufsystem
Raucherpaket
Regensensor
Reifendruckkontrolle
Scheckheftgepflegt
Servolenkung
Sitzheizung
Sportsitze
Sprachsteuerung
Spurhalteassistent
Start/Stopp-Automatik
Tempomat
Touchscreen
Traktionskontrolle
USB
Winterpaket
WLAN / Wifi Hotspot
Zentralverriegelung",Ford Autozentrum Biedenkopf Acker GmbH & Co. KG,35394,Gießen,An der Automeile 12,+49 (0)641 2010995813,4.9,23,07.04.2020
Ford Tourneo Courier 1.0 EcoBoost Titanium RFK -33%*,15.798 €,Unfallfrei,"Kombi, Tageszulassung",Deutsche Ausführung,"6,9 l/100km (kombiniert)*
7,2 l/100km (innerorts)*
5,0 l/100km (außerorts)*",10 km,998 cm³,74 kW (101 PS),"Benzin, E10-geeignet",156 g/km (kombiniert)*,1,5,4/5,Schaltgetriebe,Euro6d-TEMP,4 (Grün),09/2019,,Klimaautomatik,,"Vorne, Hinten, Kamera","Front-, Seiten- und weitere Airbags",Magnetic-Grau (Metallic),Grau Metallic,"Stoff, Grau",https://i.ebayimg.com/00/s/MTA1MFgxNDAw/z/vMwAAOSwfkpeb8dN/$_57.jpg,https://i.ebayimg.com/00/s/MTA1MFgxNDAw/z/feQAAOSwF7xeb8dN/$_57.jpg,https://i.ebayimg.com/00/s/MTA1MFgxNDAw/z/hHgAAOSwg6Veb8dN/$_57.jpg,https://i.ebayimg.com/00/s/MTA1MFgxNDAw/z/hvQAAOSwlzteb8dN/$_57.jpg,https://i.ebayimg.com/00/s/MTA1MFgxNDAw/z/-tEAAOSwJHheb8dN/$_57.jpg,https://i.ebayimg.com/00/s/MTA1MFgxNDAw/z/WDEAAOSwmIZeb8dN/$_57.jpg,https://i.ebayimg.com/00/s/MTA1MFgxNDAw/z/-OUAAOSwfbxeb8dN/$_57.jpg,https://i.ebayimg.com/00/s/MTA1MFgxNDAw/z/g4wAAOSwwgVeb8dN/$_57.jpg,https://i.ebayimg.com/00/s/MTA1MFgxNDAw/z/g4wAAOSwwgVeb8dN/$_57.jpg,https://i.ebayimg.com/00/s/MTA1MFgxNDAw/z/EWkAAOSwSmxeb8dN/$_57.jpg,https://i.ebayimg.com/00/s/MTA1MFgxNDAw/z/Va8AAOSwxKxeb8dN/$_57.jpg,https://i.ebayimg.com/00/s/MTA1MFgxNDAw/z/iykAAOSwttFeb8dN/$_57.jpg,"ABS
Abstandswarner
Android Auto
Apple CarPlay
Armlehne
Beheizbare Frontscheibe
Berganfahrassistent
Bluetooth
Bordcomputer
Dachreling
Elektr. Fensterheber
Elektr. Seitenspiegel
Elektr. Wegfahrsperre
ESP
Freisprecheinrichtung
Garantie
Geschwindigkeitsbegrenzer
Innenspiegel autom. abblendend
Isofix
Lederlenkrad
Leichtmetallfelgen
Lichtsensor
Lordosenstütze
Multifunktionslenkrad
Musikstreaming integriert
Nebelscheinwerfer
Nichtraucher-Fahrzeug
Notrufsystem
Pannenkit
Radio DAB
Raucherpaket
Regensensor
Reifendruckkontrolle
Scheckheftgepflegt
Servolenkung
Sitzheizung
Sommerreifen
Sprachsteuerung
Tempomat
Touchscreen
Traktionskontrolle
USB
Winterpaket
Zentralverriegelung",Ford Autozentrum Biedenkopf Acker GmbH & Co. KG,35394,Gießen,An der Automeile 12,+49 (0)641 2010824386,4.9,23,07.04.2020
Ford Tourneo Courier 1.0 EcoBoost Titanium RFK -30%*,15.398 €,Unfallfrei,"Van / Minibus, Jahreswagen",Deutsche Ausführung,"ca. 6,7 l/100km (kombiniert)
ca. 6,3 l/100km (innerorts)
ca. 4,9 l/100km (außerorts)",5.145 km,998 cm³,74 kW (101 PS),"Benzin, E10-geeignet",ca. 152 g/km (kombiniert),1,5,4/5,Schaltgetriebe,Euro6d-TEMP,4 (Grün),05/2019,,Klimaautomatik,,"Hinten, Kamera","Front-, Seiten- und weitere Airbags",Magnetic-Grau (Metallic),Grau Metallic,Stoff,https://i.ebayimg.com/00/s/MTA0OVgxNDAw/z/HL8AAOSwD3deb~sT/$_57.jpg,https://i.ebayimg.com/00/s/MTM1OFgxNDAw/z/A08AAOSw9J9eAfyh/$_57.jpg,https://i.ebayimg.com/00/s/NzY4WDEwMjQ=/z/9mwAAOSw~exeb9P8/$_57.jpg,https://i.ebayimg.com/00/s/NzY4WDEwMjQ=/z/TBgAAOSw5Xxeb9P8/$_57.jpg,https://i.ebayimg.com/00/s/NzY4WDEwMjQ=/z/hdYAAOSwG8Neb9P8/$_57.jpg,https://i.ebayimg.com/00/s/NzY4WDEwMjQ=/z/2l4AAOSwTcBeb9P8/$_57.jpg,https://i.ebayimg.com/00/s/NzY4WDEwMjQ=/z/LZEAAOSwKgxeb9P8/$_57.jpg,https://i.ebayimg.com/00/s/NzY4WDEwMjQ=/z/RAwAAOSweR1eb9P9/$_57.jpg,https://i.ebayimg.com/00/s/NzY4WDEwMjQ=/z/RAwAAOSweR1eb9P9/$_57.jpg,https://i.ebayimg.com/00/s/MTA0OVgxNDAw/z/g~EAAOSw4rZeb9Iu/$_57.jpg,https://i.ebayimg.com/00/s/MTA1MFgxNDAw/z/JsUAAOSwGCBeb9Dw/$_57.jpg,,"ABS
Android Auto
Apple CarPlay
Armlehne
Beheizbare Frontscheibe
Berganfahrassistent
Bluetooth
Bordcomputer
Dachreling
Elektr. Fensterheber
Elektr. Seitenspiegel
Elektr. Wegfahrsperre
ESP
Freisprecheinrichtung
Garantie
Geschwindigkeitsbegrenzer
Innenspiegel autom. abblendend
Isofix
Lederlenkrad
Leichtmetallfelgen
Lichtsensor
Lordosenstütze
Multifunktionslenkrad
Musikstreaming integriert
Navigationssystem
Nebelscheinwerfer
Nichtraucher-Fahrzeug
Notrufsystem
Radio DAB
Raucherpaket
Regensensor
Reifendruckkontrolle
Reserverad
Scheckheftgepflegt
Servolenkung
Sitzheizung
Sprachsteuerung
Start/Stopp-Automatik
Tempomat
Touchscreen
Traktionskontrolle
USB
Winterpaket
Zentralverriegelung",Ford Autozentrum Biedenkopf Acker GmbH & Co. KG,35394,Gießen,An der Automeile 12,+49 (0)641 2010994196,4.9,23,07.04.2020
Ford Tourneo Courier 1.0 EcoBoost Titanium PDC -33%*,15.998 €,Unfallfrei,"Van / Minibus, Tageszulassung",Deutsche Ausführung,"6,7 l/100km (kombiniert)*
6,3 l/100km (innerorts)*
4,9 l/100km (außerorts)*",10 km,998 cm³,74 kW (101 PS),"Benzin, E10-geeignet",151 g/km (kombiniert)*,1,5,4/5,Schaltgetriebe,Euro6d-TEMP,4 (Grün),12/2019,,Klimaautomatik,,"Vorne, Hinten","Front-, Seiten- und weitere Airbags",Obsidian-Schwarz,Schwarz Metallic,,https://i.ebayimg.com/00/s/MTA1MFgxNDAw/z/YNUAAOSwO1Neb8yd/$_57.jpg,https://i.ebayimg.com/00/s/MTA1MFgxNDAw/z/i5AAAOSwNOZeb8yd/$_57.jpg,https://i.ebayimg.com/00/s/MTA1MFgxNDAw/z/poMAAOSwhMFeb8yd/$_57.jpg,https://i.ebayimg.com/00/s/MTA1MFgxNDAw/z/RVEAAOSwzRleb8yd/$_57.jpg,https://i.ebayimg.com/00/s/MTA1MFgxNDAw/z/~OIAAOSwq8Feb8yd/$_57.jpg,https://i.ebayimg.com/00/s/MTA1MFgxNDAw/z/T3IAAOSwM6heb8yd/$_57.jpg,https://i.ebayimg.com/00/s/MTA1MFgxNDAw/z/VuoAAOSwwU9eb8yd/$_57.jpg,https://i.ebayimg.com/00/s/MTA1MFgxNDAw/z/YCQAAOSw73xeb8yd/$_57.jpg,https://i.ebayimg.com/00/s/MTA1MFgxNDAw/z/YCQAAOSw73xeb8yd/$_57.jpg,https://i.ebayimg.com/00/s/MTA1MFgxNDAw/z/0RQAAOSwJVxeb8yd/$_57.jpg,https://i.ebayimg.com/00/s/MTA1MFgxNDAw/z/Rr8AAOSwM05eb8yd/$_57.jpg,https://i.ebayimg.com/00/s/MTA1MFgxNDAw/z/tX8AAOSwKU1eb8yd/$_57.jpg,"ABS
Android Auto
Apple CarPlay
Armlehne
Beheizbare Frontscheibe
Berganfahrassistent
Bluetooth
Bordcomputer
Elektr. Fensterheber
Elektr. Seitenspiegel
Elektr. Wegfahrsperre
ESP
Freisprecheinrichtung
Garantie
Geschwindigkeitsbegrenzer
Innenspiegel autom. abblendend
Isofix
Lederlenkrad
Leichtmetallfelgen
Lichtsensor
Lordosenstütze
Multifunktionslenkrad
Musikstreaming integriert
Nebelscheinwerfer
Nichtraucher-Fahrzeug
Notrufsystem
Pannenkit
Radio DAB
Raucherpaket
Regensensor
Reifendruckkontrolle
Scheckheftgepflegt
Servolenkung
Sitzheizung
Sommerreifen
Sprachsteuerung
Start/Stopp-Automatik
Tempomat
Touchscreen
Traktionskontrolle
USB
Winterpaket
Zentralverriegelung",Ford Autozentrum Biedenkopf Acker GmbH & Co. KG,35394,Gießen,An der Automeile 12,+49 (0)641 2010681887,4.9,23,07.04.2020
Ford Tourneo Courier 1.0 EcoBoost Titanium PDC -30%*,16.288 €,Unfallfrei,"Van / Minibus, Tageszulassung",Deutsche Ausführung,"6,7 l/100km (kombiniert)*
6,3 l/100km (innerorts)*
4,9 l/100km (außerorts)*",10 km,998 cm³,74 kW (101 PS),"Benzin, E10-geeignet",151 g/km (kombiniert)*,1,5,4/5,Schaltgetriebe,Euro6d-TEMP,4 (Grün),12/2019,,Klimaautomatik,,"Vorne, Hinten","Front-, Seiten- und weitere Airbags",Race-Rot,Rot,Stoff,https://i.ebayimg.com/00/s/OTMzWDE0MDA=/z/~GkAAOSwGIVeb8zS/$_57.jpg,https://i.ebayimg.com/00/s/OTMzWDE0MDA=/z/x68AAOSwsi9eb8zS/$_57.jpg,https://i.ebayimg.com/00/s/OTMzWDE0MDA=/z/EZgAAOSwx7heb8zS/$_57.jpg,https://i.ebayimg.com/00/s/OTMzWDE0MDA=/z/HisAAOSwNKReb8zS/$_57.jpg,https://i.ebayimg.com/00/s/OTMzWDE0MDA=/z/OfQAAOSwebVeb8zS/$_57.jpg,https://i.ebayimg.com/00/s/OTMzWDE0MDA=/z/cMUAAOSwkMNeb8zS/$_57.jpg,https://i.ebayimg.com/00/s/OTMzWDE0MDA=/z/dkcAAOSw5gVeb8zS/$_57.jpg,https://i.ebayimg.com/00/s/OTMzWDE0MDA=/z/3-AAAOSw8bBeb8zS/$_57.jpg,https://i.ebayimg.com/00/s/OTMzWDE0MDA=/z/3-AAAOSw8bBeb8zS/$_57.jpg,https://i.ebayimg.com/00/s/OTMzWDE0MDA=/z/Sp4AAOSwDRNeb8zS/$_57.jpg,https://i.ebayimg.com/00/s/OTMzWDE0MDA=/z/dc0AAOSwtVZeb8zS/$_57.jpg,https://i.ebayimg.com/00/s/OTMzWDE0MDA=/z/pYMAAOSwIt5eb8zS/$_57.jpg,"ABS
Android Auto
Apple CarPlay
Armlehne
Beheizbare Frontscheibe
Berganfahrassistent
Bluetooth
Bordcomputer
Dachreling
Elektr. Fensterheber
Elektr. Seitenspiegel
Elektr. Wegfahrsperre
ESP
Freisprecheinrichtung
Garantie
Geschwindigkeitsbegrenzer
Innenspiegel autom. abblendend
Isofix
Lederlenkrad
Leichtmetallfelgen
Lichtsensor
Lordosenstütze
Multifunktionslenkrad
Musikstreaming integriert
Nebelscheinwerfer
Nichtraucher-Fahrzeug
Notrufsystem
Pannenkit
Radio DAB
Raucherpaket
Regensensor
Reifendruckkontrolle
Scheckheftgepflegt
Servolenkung
Sitzheizung
Sommerreifen
Sprachsteuerung
Start/Stopp-Automatik
Tempomat
Touchscreen
Traktionskontrolle
USB
Winterpaket
Zentralverriegelung",Ford Autozentrum Biedenkopf Acker GmbH & Co. KG,35394,Gießen,An der Automeile 12,+49 (0)641 2010909818,4.9,23,07.04.2020
Ford Tourneo Courier 1.0 EcoBoost Titanium PDC -31%*,15.998 €,Unfallfrei,"Van / Minibus, Tageszulassung",Deutsche Ausführung,"6,7 l/100km (kombiniert)*
6,3 l/100km (innerorts)*
4,9 l/100km (außerorts)*",10 km,998 cm³,74 kW (101 PS),"Benzin, E10-geeignet",151 g/km (kombiniert)*,1,5,4/5,Schaltgetriebe,Euro6d-TEMP,4 (Grün),12/2019,,Klimaautomatik,,"Vorne, Hinten","Front-, Seiten- und weitere Airbags",Blazer-Blau,Blau,Stoff,https://i.ebayimg.com/00/s/MTA1MFgxNDAw/z/zSUAAOSwbDpeb804/$_57.jpg,https://i.ebayimg.com/00/s/MTA1MFgxNDAw/z/NB0AAOSwoyleb804/$_57.jpg,https://i.ebayimg.com/00/s/MTA1MFgxNDAw/z/fI0AAOSwjKBeb804/$_57.jpg,https://i.ebayimg.com/00/s/MTA1MFgxNDAw/z/ArQAAOSwxeVeb804/$_57.jpg,https://i.ebayimg.com/00/s/MTA1MFgxNDAw/z/xHUAAOSwX2teb804/$_57.jpg,https://i.ebayimg.com/00/s/MTA1MFgxNDAw/z/rzUAAOSw3tFeb804/$_57.jpg,https://i.ebayimg.com/00/s/MTA1MFgxNDAw/z/qQ8AAOSwLrNeb804/$_57.jpg,https://i.ebayimg.com/00/s/MTA1MFgxNDAw/z/xlMAAOSw91teb804/$_57.jpg,https://i.ebayimg.com/00/s/MTA1MFgxNDAw/z/xlMAAOSw91teb804/$_57.jpg,https://i.ebayimg.com/00/s/MTA1MFgxNDAw/z/hkAAAOSwYY1eb804/$_57.jpg,https://i.ebayimg.com/00/s/MTA1MFgxNDAw/z/9JoAAOSwFz9eb804/$_57.jpg,https://i.ebayimg.com/00/s/MTA1MFgxNDAw/z/pdIAAOSwIt5eb804/$_57.jpg,"ABS
Android Auto
Apple CarPlay
Armlehne
Beheizbare Frontscheibe
Berganfahrassistent
Bluetooth
Bordcomputer
Elektr. Fensterheber
Elektr. Seitenspiegel
Elektr. Wegfahrsperre
ESP
Freisprecheinrichtung
Garantie
Geschwindigkeitsbegrenzer
Innenspiegel autom. abblendend
Isofix
Lederlenkrad
Leichtmetallfelgen
Lichtsensor
Lordosenstütze
Multifunktionslenkrad
Musikstreaming integriert
Nebelscheinwerfer
Nichtraucher-Fahrzeug
Notrufsystem
Pannenkit
Radio DAB
Raucherpaket
Regensensor
Reifendruckkontrolle
Scheckheftgepflegt
Servolenkung
Sitzheizung
Sommerreifen
Sprachsteuerung
Start/Stopp-Automatik
Tempomat
Touchscreen
Traktionskontrolle
USB
Winterpaket
Zentralverriegelung",Ford Autozentrum Biedenkopf Acker GmbH & Co. KG,35394,Gießen,An der Automeile 12,+49 (0)641 2010909850,4.9,23,07.04.2020
Ford Tourneo Courier 1.0 EcoBoost Titanium PDC -31%*,16.298 €,Unfallfrei,"Van / Minibus, Tageszulassung",Deutsche Ausführung,"6,7 l/100km (kombiniert)*
6,3 l/100km (innerorts)*
4,9 l/100km (außerorts)*",10 km,998 cm³,74 kW (101 PS),"Benzin, E10-geeignet",151 g/km (kombiniert)*,1,5,4/5,Schaltgetriebe,Euro6d-TEMP,4 (Grün),12/2019,,Klimaautomatik,,"Vorne, Hinten","Front-, Seiten- und weitere Airbags",Polar-Silber,Silber Metallic,"Stoff, Grau",https://i.ebayimg.com/00/s/MTA1MFgxNDAw/z/-TAAAOSwj0Neb8zp/$_57.jpg,https://i.ebayimg.com/00/s/MTA1MFgxNDAw/z/W7MAAOSwPwVeb8zp/$_57.jpg,https://i.ebayimg.com/00/s/MTA1MFgxNDAw/z/jPoAAOSw5jleb8zp/$_57.jpg,https://i.ebayimg.com/00/s/MTA1MFgxNDAw/z/94YAAOSw4Wdeb8zp/$_57.jpg,https://i.ebayimg.com/00/s/MTA1MFgxNDAw/z/o-cAAOSwkbReb8zp/$_57.jpg,https://i.ebayimg.com/00/s/MTA1MFgxNDAw/z/ZL4AAOSwpnpeb8zp/$_57.jpg,https://i.ebayimg.com/00/s/MTA1MFgxNDAw/z/bOcAAOSwgLFeb8zp/$_57.jpg,https://i.ebayimg.com/00/s/MTA1MFgxNDAw/z/HgUAAOSwrGpeb8zp/$_57.jpg,https://i.ebayimg.com/00/s/MTA1MFgxNDAw/z/HgUAAOSwrGpeb8zp/$_57.jpg,https://i.ebayimg.com/00/s/MTA1MFgxNDAw/z/h0UAAOSwHgdeb8zp/$_57.jpg,https://i.ebayimg.com/00/s/MTA1MFgxNDAw/z/XOUAAOSw9jxeb8zp/$_57.jpg,https://i.ebayimg.com/00/s/MTA1MFgxNDAw/z/RDsAAOSwsEteb8zp/$_57.jpg,"ABS
Android Auto
Apple CarPlay
Armlehne
Beheizbare Frontscheibe
Berganfahrassistent
Bluetooth
Bordcomputer
Dachreling
Elektr. Fensterheber
Elektr. Seitenspiegel
Elektr. Wegfahrsperre
ESP
Freisprecheinrichtung
Garantie
Geschwindigkeitsbegrenzer
Innenspiegel autom. abblendend
Isofix
Lederlenkrad
Leichtmetallfelgen
Lichtsensor
Lordosenstütze
Musikstreaming integriert
Nebelscheinwerfer
Nichtraucher-Fahrzeug
Notrufsystem
Pannenkit
Radio DAB
Raucherpaket
Regensensor
Reifendruckkontrolle
Scheckheftgepflegt
Servolenkung
Sitzheizung
Sommerreifen
Sprachsteuerung
Start/Stopp-Automatik
Tempomat
Touchscreen
Traktionskontrolle
USB
Winterpaket
Zentralverriegelung",Ford Autozentrum Biedenkopf Acker GmbH & Co. KG,35394,Gießen,An der Automeile 12,+49 (0)641 2010680243,4.9,23,07.04.2020
Ford Tourneo Courier 1.0 EcoBoost Titanium PDC -33%*,15.998 €,Unfallfrei,"Van / Minibus, Tageszulassung",Deutsche Ausführung,"6,7 l/100km (kombiniert)*
6,3 l/100km (innerorts)*
4,9 l/100km (außerorts)*",10 km,998 cm³,74 kW (101 PS),"Benzin, E10-geeignet",151 g/km (kombiniert)*,1,5,4/5,Schaltgetriebe,Euro6d-TEMP,4 (Grün),12/2019,,Klimaautomatik,,"Vorne, Hinten","Front-, Seiten- und weitere Airbags",Chroma-Blau,Blau Metallic,Stoff,https://i.ebayimg.com/00/s/MTA1MFgxNDAw/z/fI0AAOSw~t5eb8yL/$_57.jpg,https://i.ebayimg.com/00/s/MTA1MFgxNDAw/z/PDAAAOSwbAheb8yN/$_57.jpg,https://i.ebayimg.com/00/s/MTA1MFgxNDAw/z/qvgAAOSwsWpeb8yL/$_57.jpg,https://i.ebayimg.com/00/s/MTA1MFgxNDAw/z/bTAAAOSw0uReb8yL/$_57.jpg,https://i.ebayimg.com/00/s/MTA1MFgxNDAw/z/PC4AAOSwbAheb8yL/$_57.jpg,https://i.ebayimg.com/00/s/MTA1MFgxNDAw/z/n-cAAOSw0jteb8yL/$_57.jpg,https://i.ebayimg.com/00/s/MTA1MFgxNDAw/z/wacAAOSwfkpeb8yL/$_57.jpg,https://i.ebayimg.com/00/s/MTA1MFgxNDAw/z/SnkAAOSwDRNeb8yY/$_57.jpg,https://i.ebayimg.com/00/s/MTA1MFgxNDAw/z/SnkAAOSwDRNeb8yY/$_57.jpg,https://i.ebayimg.com/00/s/MTA1MFgxNDAw/z/adIAAOSwcpVeb8yL/$_57.jpg,https://i.ebayimg.com/00/s/MTA1MFgxNDAw/z/QzAAAOSwzateb8yL/$_57.jpg,https://i.ebayimg.com/00/s/MTA1MFgxNDAw/z/1ncAAOSw0zdeb8yL/$_57.jpg,"ABS
Android Auto
Apple CarPlay
Armlehne
Beheizbare Frontscheibe
Berganfahrassistent
Bluetooth
Bordcomputer
Dachreling
Elektr. Fensterheber
Elektr. Seitenspiegel
Elektr. Wegfahrsperre
ESP
Freisprecheinrichtung
Garantie
Geschwindigkeitsbegrenzer
Innenspiegel autom. abblendend
Isofix
Lederlenkrad
Leichtmetallfelgen
Lichtsensor
Lordosenstütze
Multifunktionslenkrad
Musikstreaming integriert
Nebelscheinwerfer
Nichtraucher-Fahrzeug
Notrufsystem
Pannenkit
Radio DAB
Raucherpaket
Regensensor
Reifendruckkontrolle
Scheckheftgepflegt
Servolenkung
Sitzheizung
Sommerreifen
Sprachsteuerung
Start/Stopp-Automatik
Tempomat
Touchscreen
Traktionskontrolle
USB
Winterpaket
Zentralverriegelung",Ford Autozentrum Biedenkopf Acker GmbH & Co. KG,35394,Gießen,An der Automeile 12,+49 (0)641 2010681712,4.9,23,07.04.2020
Ford Tourneo Courier 1.0 EcoBoost Titanium PDC -33%*,15.998 €,Unfallfrei,"Van / Minibus, Tageszulassung",Deutsche Ausführung,"6,7 l/100km (kombiniert)*
6,3 l/100km (innerorts)*
4,9 l/100km (außerorts)*",10 km,998 cm³,74 kW (101 PS),"Benzin, E10-geeignet",151 g/km (kombiniert)*,1,5,4/5,Schaltgetriebe,Euro6d-TEMP,4 (Grün),12/2019,,Klimaautomatik,,"Vorne, Hinten","Front-, Seiten- und weitere Airbags",Chroma-Blau,Blau Metallic,Stoff,https://i.ebayimg.com/00/s/MTA1MFgxNDAw/z/fI0AAOSw~t5eb8yL/$_57.jpg,https://i.ebayimg.com/00/s/MTA1MFgxNDAw/z/PDAAAOSwbAheb8yN/$_57.jpg,https://i.ebayimg.com/00/s/MTA1MFgxNDAw/z/qvgAAOSwsWpeb8yL/$_57.jpg,https://i.ebayimg.com/00/s/MTA1MFgxNDAw/z/bTAAAOSw0uReb8yL/$_57.jpg,https://i.ebayimg.com/00/s/MTA1MFgxNDAw/z/PC4AAOSwbAheb8yL/$_57.jpg,https://i.ebayimg.com/00/s/MTA1MFgxNDAw/z/n-cAAOSw0jteb8yL/$_57.jpg,https://i.ebayimg.com/00/s/MTA1MFgxNDAw/z/wacAAOSwfkpeb8yL/$_57.jpg,https://i.ebayimg.com/00/s/MTA1MFgxNDAw/z/SnkAAOSwDRNeb8yY/$_57.jpg,https://i.ebayimg.com/00/s/MTA1MFgxNDAw/z/SnkAAOSwDRNeb8yY/$_57.jpg,https://i.ebayimg.com/00/s/MTA1MFgxNDAw/z/adIAAOSwcpVeb8yL/$_57.jpg,https://i.ebayimg.com/00/s/MTA1MFgxNDAw/z/QzAAAOSwzateb8yL/$_57.jpg,https://i.ebayimg.com/00/s/MTA1MFgxNDAw/z/IIEAAOSwt3teb8yL/$_57.jpg,"ABS
Android Auto
Apple CarPlay
Armlehne
Beheizbare Frontscheibe
Berganfahrassistent
Bluetooth
Bordcomputer
Dachreling
Elektr. Fensterheber
Elektr. Seitenspiegel
Elektr. Wegfahrsperre
ESP
Freisprecheinrichtung
Garantie
Innenspiegel autom. abblendend
Isofix
Lederlenkrad
Leichtmetallfelgen
Lichtsensor
Lordosenstütze
Multifunktionslenkrad
Musikstreaming integriert
Nebelscheinwerfer
Nichtraucher-Fahrzeug
Notrufsystem
Pannenkit
Radio DAB
Raucherpaket
Regensensor
Reifendruckkontrolle
Scheckheftgepflegt
Servolenkung
Sitzheizung
Sommerreifen
Sprachsteuerung
Start/Stopp-Automatik
Tempomat
Touchscreen
Traktionskontrolle
USB
Winterpaket
Zentralverriegelung",Ford Autozentrum Biedenkopf Acker GmbH & Co. KG,35394,Gießen,An der Automeile 12,+49 (0)641 2010823699,4.9,23,07.04.2020
Ford EcoSport Titanium 27TKM/Leder/PDC,9.790 €,Unfallfrei,SUV / Geländewagen / Pickup,,"ca. 5,4 l/100km (kombiniert)
ca. 6,6 l/100km (innerorts)
ca. 4,7 l/100km (außerorts)",27.000 km,998 cm³,92 kW (125 PS),Benzin,ca. 125 g/km (kombiniert),1,5,4/5,Schaltgetriebe,Euro5,4 (Grün),11/2014,Neu,Klimaautomatik,,Hinten,"Front-, Seiten- und weitere Airbags",Diamant-Weiß,Weiß,"Vollleder, Schwarz",https://i.ebayimg.com/00/s/MTIwMFgxNjAw/z/xGEAAOSwndFdsyX-/$_57.jpg,https://i.ebayimg.com/00/s/MTIwMFgxNjAw/z/f4MAAOSwEC9dsyYK/$_57.jpg,https://i.ebayimg.com/00/s/MTIwMFgxNjAw/z/EzAAAOSwvqhdsyYw/$_57.jpg,https://i.ebayimg.com/00/s/MTIwMFgxNjAw/z/BH8AAOSwBxddsyY8/$_57.jpg,https://i.ebayimg.com/00/s/MTIwMFgxNjAw/z/q-AAAOSwfVtdsyZI/$_57.jpg,https://i.ebayimg.com/00/s/MTIwMFgxNjAw/z/D-kAAOSwB05dsyZV/$_57.jpg,https://i.ebayimg.com/00/s/MTIwMFgxNjAw/z/rHsAAOSwhBNdsyZl/$_57.jpg,https://i.ebayimg.com/00/s/MTIwMFgxNjAw/z/gMwAAOSwLtZdsyZz/$_57.jpg,https://i.ebayimg.com/00/s/MTIwMFgxNjAw/z/gMwAAOSwLtZdsyZz/$_57.jpg,https://i.ebayimg.com/00/s/MTIwMFgxNjAw/z/OuAAAOSwBGRdsyaO/$_57.jpg,https://i.ebayimg.com/00/s/MTIwMFgxNjAw/z/dRMAAOSwZ15dsyap/$_57.jpg,https://i.ebayimg.com/00/s/MTIwMFgxNjAw/z/z-8AAOSw8A1dsya3/$_57.jpg,"ABS
Alarmanlage
Armlehne
Bordcomputer
CD-Spieler
Dachreling
Elektr. Fensterheber
Elektr. Seitenspiegel
ESP
Garantie
Isofix
Lederlenkrad
Leichtmetallfelgen
Multifunktionslenkrad
Nebelscheinwerfer
Nichtraucher-Fahrzeug
Reserverad
Scheckheftgepflegt
Schlüssellose Zentralverriegelung
Servolenkung
Sommerreifen
Tagfahrlicht
Tuner/Radio
USB
Zentralverriegelung",CityCars-Weinheim,69469,Weinheim,Südliche Bergstrasse 18,+49 (0)176 58332142,4.7,47,07.04.2020
Ford C-Max Titanium 1.5 Ecoboost 30TKM/PDC/Klima,13.750 €,Unfallfrei,Van / Minibus,,"ca. 6,1 l/100km (kombiniert)
ca. 7,8 l/100km (innerorts)
ca. 5,1 l/100km (außerorts)",30.000 km,1.498 cm³,110 kW (150 PS),Benzin,ca. 139 g/km (kombiniert),1,5,4/5,Schaltgetriebe,Euro6,4 (Grün),03/2016,03/2021,Klimaautomatik,,"Vorne, Hinten","Front-, Seiten- und weitere Airbags",Polar-Silber Metallic,Silber Metallic,"Teilleder, Andere",https://i.ebayimg.com/00/s/MTIwMFgxNjAw/z/MtwAAOSwem9egxlK/$_57.jpg,https://i.ebayimg.com/00/s/MTIwMFgxNjAw/z/gBIAAOSw8AJegxlU/$_57.jpg,https://i.ebayimg.com/00/s/MTIwMFgxNjAw/z/C5cAAOSwWG5egxlg/$_57.jpg,https://i.ebayimg.com/00/s/MTIwMFgxNjAw/z/6XQAAOSwPlFegxlv/$_57.jpg,https://i.ebayimg.com/00/s/MTIwMFgxNjAw/z/bQMAAOSwxMFegxl8/$_57.jpg,https://i.ebayimg.com/00/s/MTIwMFgxNjAw/z/VVAAAOSw-9legxmI/$_57.jpg,https://i.ebayimg.com/00/s/MTIwMFgxNjAw/z/OaUAAOSwdNlegxmT/$_57.jpg,https://i.ebayimg.com/00/s/MTIwMFgxNjAw/z/FVIAAOSwlztegxmh/$_57.jpg,https://i.ebayimg.com/00/s/MTIwMFgxNjAw/z/FVIAAOSwlztegxmh/$_57.jpg,https://i.ebayimg.com/00/s/MTIwMFgxNjAw/z/2yEAAOSwiI1egxm8/$_57.jpg,https://i.ebayimg.com/00/s/MTE5OVgxNjAw/z/I~YAAOSw0KZegxna/$_57.jpg,https://i.ebayimg.com/00/s/MTIwMFgxNjAw/z/Hl4AAOSw3e5egxnp/$_57.jpg,"ABS
Allwetterreifen
Armlehne
Beheizbare Frontscheibe
Berganfahrassistent
Bluetooth
Bordcomputer
CD-Spieler
Elektr. Fensterheber
Elektr. Seitenspiegel
Elektr. Sitzeinstellung
Elektr. Wegfahrsperre
ESP
Freisprecheinrichtung
Garantie
Isofix
Lederlenkrad
LED-Tagfahrlicht
Leichtmetallfelgen
Lichtsensor
Multifunktionslenkrad
Nebelscheinwerfer
Nichtraucher-Fahrzeug
Regensensor
Reserverad
Scheckheftgepflegt
Schlüssellose Zentralverriegelung
Servolenkung
Sitzheizung
Start/Stopp-Automatik
Tempomat
Tuner/Radio
USB
Volldigitales Kombiinstrument
Zentralverriegelung",CityCars-Weinheim,69469,Weinheim,Südliche Bergstrasse 18,+49 (0)176 58332142,4.7,47,07.04.2020
Audi A1 Sport 1.4 TFSI Navi Einparkhilfe Start/Stop S,12.480 €,Unfallfrei,Limousine,Deutsche Ausführung,"ca. 4,9 l/100km (kombiniert)
ca. 6,4 l/100km (innerorts)
ca. 4,1 l/100km (außerorts)",29.999 km,1.395 cm³,92 kW (125 PS),Benzin,ca. 115 g/km (kombiniert),2,4,2/3,Schaltgetriebe,Euro6,4 (Grün),02/2015,Neu,Klimaautomatik,,Hinten,"Front-, Seiten- und weitere Airbags",Mythosschwarz Metallic,Schwarz Metallic,"Stoff, Grau",,,,,,,,,,,,,"ABS
Armlehne
Bluetooth
Bordcomputer
CD-Spieler
Elektr. Fensterheber
Elektr. Seitenspiegel
Elektr. Wegfahrsperre
ESP
Freisprecheinrichtung
Garantie
Isofix
Lederlenkrad
Leichtmetallfelgen
Lichtsensor
Lordosenstütze
Multifunktionslenkrad
Navigationssystem
Nebelscheinwerfer
Nichtraucher-Fahrzeug
Regensensor
Reifendruckkontrolle
Scheckheftgepflegt
Servolenkung
Sitzheizung
Sportsitze
Sprachsteuerung
Start/Stopp-Automatik
Tagfahrlicht
Traktionskontrolle
Tuner/Radio
USB
Zentralverriegelung",Audi Zentrum Bad Homburg/Oberursel,61440,Oberursel,Willy-Brandt-Straße 6,+49 (0)6171 9795493,4.5,37,07.04.2020
Skoda Scala Drive 1.0 TSI DSG NAVI LED - SOFORT -,22.955 €,Unfallfrei,"Limousine, Tageszulassung",Deutsche Ausführung,"5,1 l/100km (kombiniert)*
6,5 l/100km (innerorts)*
4,3 l/100km (außerorts)*",5 km,999 cm³,85 kW (116 PS),"Benzin, E10-geeignet",116 g/km (kombiniert)*,1,5,4/5,Automatik,Euro6,4 (Grün),12/2019,Neu,Klimaautomatik,2019,"Vorne, Hinten","Front-, Seiten- und weitere Airbags",Quarz-Grau,Grau Metallic,"Stoff, Schwarz",https://i.ebayimg.com/00/s/NDgwWDY0MA==/z/7HsAAOSwPStegt1B/$_57.jpg,https://i.ebayimg.com/00/s/NDgwWDY0MA==/z/VhwAAOSw7GBehMe9/$_57.jpg,,,,,,,,,,,"ABS
Ambiente-Beleuchtung
Android Auto
Apple CarPlay
Armlehne
Bluetooth
Bordcomputer
Elektr. Fensterheber
Elektr. Seitenspiegel
Elektr. Wegfahrsperre
ESP
Fernlichtassistent
Freisprecheinrichtung
Garantie
Gepäckraumabtrennung
Induktionsladen für Smartphones
Innenspiegel autom. abblendend
Isofix
Lederlenkrad
LED-Scheinwerfer
LED-Tagfahrlicht
Leichtmetallfelgen
Lichtsensor
Lordosenstütze
Multifunktionslenkrad
Navigationssystem
Nebelscheinwerfer
Nichtraucher-Fahrzeug
Notbremsassistent
Notrufsystem
Radio DAB
Regensensor
Reifendruckkontrolle
Schaltwippen
Scheckheftgepflegt
Servolenkung
Sitzheizung
Sprachsteuerung
Spurhalteassistent
Start/Stopp-Automatik
Tempomat
Touchscreen
Traktionskontrolle
Tuner/Radio
USB
Volldigitales Kombiinstrument
Zentralverriegelung",MTS Automobile GmbH,61440,Oberursel,Frankfurter Landstr. 88,+49 (0)6171 277840501,4.6,15,07.04.2020
Skoda Scala Drive 1.0 TSI DSG LED Navi Dig Cockpit uvm,22.955 €,Unfallfrei,"Limousine, Tageszulassung",Deutsche Ausführung,"5,1 l/100km (kombiniert)*
6,5 l/100km (innerorts)*
4,3 l/100km (außerorts)*",5 km,999 cm³,85 kW (116 PS),"Benzin, E10-geeignet",116 g/km (kombiniert)*,1,5,4/5,Automatik,Euro6,4 (Grün),12/2019,,2-Zonen-Klimaautomatik,2019,"Vorne, Hinten","Front-, Seiten- und weitere Airbags",Quarz-Grau,Grau Metallic,"Stoff, Schwarz",https://i.ebayimg.com/00/s/NDgwWDY0MA==/z/t1cAAOSwDVVegtyY/$_57.jpg,https://i.ebayimg.com/00/s/NDgwWDY0MA==/z/tzEAAOSw~HBegtyY/$_57.jpg,https://i.ebayimg.com/00/s/NDgwWDY0MA==/z/NTsAAOSwP2ZegtyY/$_57.jpg,https://i.ebayimg.com/00/s/NDgwWDY0MA==/z/ehsAAOSwN1degtyZ/$_57.jpg,https://i.ebayimg.com/00/s/NDgwWDY0MA==/z/JeQAAOSwqjJegtyY/$_57.jpg,https://i.ebayimg.com/00/s/NDgwWDY0MA==/z/DL4AAOSwT-NegtyY/$_57.jpg,https://i.ebayimg.com/00/s/NDgwWDY0MA==/z/6F8AAOSw9dtegtyY/$_57.jpg,https://i.ebayimg.com/00/s/NDgwWDY0MA==/z/7poAAOSwvXRegtyZ/$_57.jpg,https://i.ebayimg.com/00/s/NDgwWDY0MA==/z/7poAAOSwvXRegtyZ/$_57.jpg,https://i.ebayimg.com/00/s/NDgwWDY0MA==/z/r1AAAOSwAkZegtyb/$_57.jpg,"https://i.ebayimg.com/00/$%28KGrHqR,!qgE-y5MmBtQBPw0FL5fuQ~~_57.jpg",,"ABS
Ambiente-Beleuchtung
Android Auto
Apple CarPlay
Armlehne
Bluetooth
Bordcomputer
Elektr. Fensterheber
Elektr. Seitenspiegel
Elektr. Wegfahrsperre
ESP
Fernlichtassistent
Freisprecheinrichtung
Garantie
Gepäckraumabtrennung
Induktionsladen für Smartphones
Innenspiegel autom. abblendend
Isofix
LED-Scheinwerfer
LED-Tagfahrlicht
Leichtmetallfelgen
Lichtsensor
Lordosenstütze
Multifunktionslenkrad
Navigationssystem
Nebelscheinwerfer
Nichtraucher-Fahrzeug
Notbremsassistent
Notrufsystem
Radio DAB
Regensensor
Reifendruckkontrolle
Schaltwippen
Scheckheftgepflegt
Servolenkung
Sitzheizung
Sprachsteuerung
Spurhalteassistent
Start/Stopp-Automatik
Tempomat
Touchscreen
Traktionskontrolle
USB
Volldigitales Kombiinstrument
Zentralverriegelung",MTS Automobile GmbH,61440,Oberursel,Frankfurter Landstr. 88,+49 (0)6171 277869074,4.6,15,07.04.2020
Volkswagen Polo Comfortline 1.0 Join/ Navi/ GRA/ EPHilfe/ S,16.475 €,Unfallfrei,"Kleinwagen, Jahreswagen",,"4,8 l/100km (kombiniert)*
6,1 l/100km (innerorts)*
4,1 l/100km (außerorts)*",15.070 km,999 cm³,59 kW (80 PS),Benzin,110 g/km (kombiniert)*,1,5,4/5,Schaltgetriebe,Euro6d-TEMP,4 (Grün),06/2019,Neu,2-Zonen-Klimaautomatik,,"Vorne, Hinten","Front-, Seiten- und weitere Airbags",Reflexsilber,Silber Metallic,Schwarz,https://i.ebayimg.com/00/s/MTA4MFgxNTI3/z/dicAAOSwS51ejL-F/$_57.jpg,https://i.ebayimg.com/00/s/MTA4MFgxNTI3/z/sSsAAOSwzTFejL-F/$_57.jpg,https://i.ebayimg.com/00/s/MTA4MFgxNTI3/z/x18AAOSwmO5ejL-F/$_57.jpg,https://i.ebayimg.com/00/s/MTA4MFgxNTI3/z/TTUAAOSw3ytejL-F/$_57.jpg,https://i.ebayimg.com/00/s/MTA4MFgxNTI3/z/Ch8AAOSwOJhejL-E/$_57.jpg,https://i.ebayimg.com/00/s/MTA4MFgxNTI3/z/s1sAAOSwxdVejL-F/$_57.jpg,https://i.ebayimg.com/00/s/MTA4MFgxNTI3/z/5REAAOSwiFBejL-F/$_57.jpg,https://i.ebayimg.com/00/s/MTA4MFgxNTI3/z/ozAAAOSwem9ejL-F/$_57.jpg,https://i.ebayimg.com/00/s/MTA4MFgxNTI3/z/ozAAAOSwem9ejL-F/$_57.jpg,,,,"ABS
Berganfahrassistent
Bordcomputer
Elektr. Fensterheber
Elektr. Seitenspiegel
Elektr. Wegfahrsperre
ESP
Freisprecheinrichtung
Garantie
Isofix
Lederlenkrad
LED-Tagfahrlicht
Leichtmetallfelgen
Lichtsensor
Lordosenstütze
Müdigkeitswarner
Multifunktionslenkrad
Navigationssystem
Nebelscheinwerfer
Nichtraucher-Fahrzeug
Notbremsassistent
Regensensor
Reifendruckkontrolle
Scheckheftgepflegt
Servolenkung
Sitzheizung
Start/Stopp-Automatik
Tempomat
Touchscreen
Traktionskontrolle
Tuner/Radio
Zentralverriegelung",Deisenroth & Söhne GmbH & Co. KG,36304,Alsfeld,Schwabenröder Straße 64,+49 (0)6631 608994367,4.9,23,07.04.2020
"Volkswagen Caddy Kasten 1.2 TSI EUR6, Klima, Servo",10.765 €,Unfallfrei,Kombi,Deutsche Ausführung,,28.000 km,1.197 cm³,62 kW (84 PS),Benzin,,1,2,2/3,Schaltgetriebe,Euro6,4 (Grün),02/2016,04/2021,Klimaanlage,,,"Front-, Seiten- und weitere Airbags",B4 Candy-Weiß,Weiß,"Stoff, Schwarz",https://i.ebayimg.com/00/s/NDgwWDY0MA==/z/SWAAAOSwqiReVsx1/$_57.jpg,,,,,,,,,,,,"ABS
Berganfahrassistent
Bordcomputer
Dachreling
Elektr. Fensterheber
Elektr. Seitenspiegel
Elektr. Wegfahrsperre
ESP
Garantie
Nichtraucher-Fahrzeug
Scheckheftgepflegt
Servolenkung
Start/Stopp-Automatik
Tagfahrlicht
Touchscreen
Traktionskontrolle
Tuner/Radio
Zentralverriegelung",Autohaus Best GmbH,63165,Mühlheim,Dieselstraße 67-69,+49 (0)6108 974301561,5,2,07.04.2020
Audi Q2 Sport 1.4 TFSI Navi LED Einparkhilfe Panorama,21.890 €,Unfallfrei,SUV / Geländewagen / Pickup,Deutsche Ausführung,"ca. 5,5 l/100km (kombiniert)
ca. 6,7 l/100km (innerorts)
ca. 4,8 l/100km (außerorts)",44.158 km,1.395 cm³,110 kW (150 PS),Benzin,ca. 124 g/km (kombiniert),1,5,4/5,Schaltgetriebe,Euro6,4 (Grün),02/2017,Neu,Klimaautomatik,,Hinten,"Front-, Seiten- und weitere Airbags",Brillantschwarz,Schwarz Metallic,"Stoff, Schwarz",,,,,,,,,,,,,"ABS
Abstandswarner
Armlehne
Bluetooth
Bordcomputer
CD-Spieler
Elektr. Fensterheber
Elektr. Heckklappe
Elektr. Seitenspiegel
Elektr. Wegfahrsperre
ESP
Freisprecheinrichtung
Garantie
Geschwindigkeitsbegrenzer
Innenspiegel autom. abblendend
Isofix
Lederlenkrad
LED-Scheinwerfer
Leichtmetallfelgen
Lichtsensor
Multifunktionslenkrad
Navigationssystem
Nichtraucher-Fahrzeug
Notbremsassistent
Panorama-Dach
Regensensor
Reifendruckkontrolle
Scheckheftgepflegt
Scheinwerferreinigung
Schiebedach
Servolenkung
Sitzheizung
Sportpaket
Sportsitze
Start/Stopp-Automatik
Tagfahrlicht
Traktionskontrolle
Tuner/Radio
Zentralverriegelung",Autohaus Marnet GmbH & Co. KG,61462,Königstein/Ts.,Sodener Straße 1-3,+49 (0)6174 959954450,4.6,29,07.04.2020
Audi A6 Avant 1.8 TFSI S line Navi LED Einparkhilfe R,29.890 €,Unfallfrei,Kombi,Deutsche Ausführung,"ca. 5,9 l/100km (kombiniert)
ca. 7,1 l/100km (innerorts)
ca. 5,1 l/100km (außerorts)",39.245 km,1.798 cm³,140 kW (190 PS),Benzin,ca. 139 g/km (kombiniert),1,5,4/5,Automatik,Euro6,4 (Grün),12/2017,Neu,Klimaautomatik,,"Vorne, Hinten, Kamera","Front-, Seiten- und weitere Airbags",Daytonagrau Perleffekt,Grau Metallic,"Alcantara, Grau",,,,,,,,,,,,,"ABS
Armlehne
Berganfahrassistent
Bluetooth
Bordcomputer
CD-Spieler
Dachreling
Elektr. Fensterheber
Elektr. Heckklappe
Elektr. Seitenspiegel
Elektr. Sitzeinstellung
Elektr. Wegfahrsperre
ESP
Fernlichtassistent
Freisprecheinrichtung
Garantie
Gepäckraumabtrennung
Geschwindigkeitsbegrenzer
Induktionsladen für Smartphones
Isofix
Lederlenkrad
LED-Scheinwerfer
Leichtmetallfelgen
Lichtsensor
Lordosenstütze
Multifunktionslenkrad
Navigationssystem
Nichtraucher-Fahrzeug
Reifendruckkontrolle
Scheckheftgepflegt
Scheinwerferreinigung
Servolenkung
Sitzheizung
Soundsystem
Sportpaket
Sportsitze
Start/Stopp-Automatik
Tagfahrlicht
Tempomat
Traktionskontrolle
Tuner/Radio
USB
Zentralverriegelung",Autohaus Marnet GmbH & Co. KG,61462,Königstein/Ts.,Sodener Straße 1-3,+49 (0)6174 959954608,4.6,29,07.04.2020
Ford Focus Turnier ST*LED*NAVI*LEDER*KEYLESS*,22.990 €,Unfallfrei,Kombi,Deutsche Ausführung,"ca. 6,8 l/100km (kombiniert)
ca. 8,8 l/100km (innerorts)
ca. 5,7 l/100km (außerorts)",23.000 km,1.999 cm³,184 kW (250 PS),Benzin,ca. 159 g/km (kombiniert),2,5,4/5,Schaltgetriebe,Euro6,4 (Grün),12/2017,01/2022,2-Zonen-Klimaautomatik,2017,Hinten,,Frost-Weiß,Weiß,"Teilleder, Schwarz",https://i.ebayimg.com/00/s/MTA2M1gxNjAw/z/DmIAAOSwjVRejLtk/$_57.jpg,https://i.ebayimg.com/00/s/MTA2M1gxNjAw/z/UyoAAOSwWoRejLs7/$_57.jpg,https://i.ebayimg.com/00/s/MTA2M1gxNjAw/z/iqQAAOSwZPVejLtO/$_57.jpg,https://i.ebayimg.com/00/s/MTA2M1gxNjAw/z/s4wAAOSwx9pejLs2/$_57.jpg,https://i.ebayimg.com/00/s/MTA2M1gxNjAw/z/cJMAAOSwswdejLs~/$_57.jpg,https://i.ebayimg.com/00/s/MTA2M1gxNjAw/z/e1EAAOSw2y1ejLtr/$_57.jpg,https://i.ebayimg.com/00/s/MTA2M1gxNjAw/z/eywAAOSw2y1ejLtD/$_57.jpg,https://i.ebayimg.com/00/s/MTA2M1gxNjAw/z/LUMAAOSwKAJejLtv/$_57.jpg,https://i.ebayimg.com/00/s/MTA2M1gxNjAw/z/LUMAAOSwKAJejLtv/$_57.jpg,https://i.ebayimg.com/00/s/MTA2M1gxNjAw/z/H70AAOSwb5lejLtz/$_57.jpg,https://i.ebayimg.com/00/s/MTA2M1gxNjAw/z/63YAAOSwAlJejLtS/$_57.jpg,https://i.ebayimg.com/00/s/MTA2M1gxNjAw/z/~WMAAOSwoGdejLtg/$_57.jpg,"ABS
Alarmanlage
Allwetterreifen
Android Auto
Apple CarPlay
Armlehne
Beheizbares Lenkrad
Berganfahrassistent
Bi-Xenon Scheinwerfer
Bluetooth
Bordcomputer
CD-Spieler
Dachreling
Elektr. Fensterheber
Elektr. Seitenspiegel
Elektr. Wegfahrsperre
ESP
Freisprecheinrichtung
Garantie
Gepäckraumabtrennung
Innenspiegel autom. abblendend
Isofix
Lederlenkrad
LED-Tagfahrlicht
Leichtmetallfelgen
Multifunktionslenkrad
Musikstreaming integriert
Navigationssystem
Nebelscheinwerfer
Nichtraucher-Fahrzeug
Radio DAB
Regensensor
Reifendruckkontrolle
Scheckheftgepflegt
Scheinwerferreinigung
Schlüssellose Zentralverriegelung
Servolenkung
Sitzheizung
Sportfahrwerk
Sportpaket
Sportsitze
Sprachsteuerung
Start/Stopp-Automatik
Tempomat
Touchscreen
Traktionskontrolle
Tuner/Radio
USB
Verkehrszeichenerkennung
Winterpaket
WLAN / Wifi Hotspot
Zentralverriegelung",Mito's Autocenter,65795,Hattersheim-Okriftel,Stettiner Str 51,+49 (0)6190 9354007,4.6,61,07.04.2020
"BMW M4 Coupé M Competition,M-Drivers Package,TV,S",58.500 €,Unfallfrei,Sportwagen / Coupé,Deutsche Ausführung,"ca. 8,3 l/100km (kombiniert)
ca. 11,1 l/100km (innerorts)
ca. 6,7 l/100km (außerorts)",19.704 km,2.979 cm³,331 kW (450 PS),Benzin,ca. 194 g/km (kombiniert),2,5,2/3,Automatik,Euro6,4 (Grün),04/2017,Neu,Klimaautomatik,,"Vorne, Hinten, 360°-Kamera","Front-, Seiten- und weitere Airbags",Saphirschwarz,Schwarz Metallic,"Vollleder, Schwarz",,,,,,,,,,,,,"ABS
Adaptives Kurvenlicht
Alarmanlage
Apple CarPlay
Armlehne
Bluetooth
Bordcomputer
Elektr. Fensterheber
Elektr. Seitenspiegel
Elektr. Sitzeinstellung
Elektr. Wegfahrsperre
ESP
Fernlichtassistent
Freisprecheinrichtung
Garantie
Head-Up Display
Innenspiegel autom. abblendend
Isofix
Lederlenkrad
LED-Scheinwerfer
Leichtmetallfelgen
Lichtsensor
Müdigkeitswarner
Multifunktionslenkrad
Navigationssystem
Nichtraucher-Fahrzeug
Notrufsystem
Radio DAB
Regensensor
Reifendruckkontrolle
Schaltwippen
Scheckheftgepflegt
Schlüssellose Zentralverriegelung
Servolenkung
Sitzheizung
Soundsystem
Sportfahrwerk
Sportpaket
Sportsitze
Spurhalteassistent
Start/Stopp-Automatik
Tagfahrlicht
Tempomat
Totwinkel-Assistent
Traktionskontrolle
Tuner/Radio
TV
Verkehrszeichenerkennung
Volldigitales Kombiinstrument
Zentralverriegelung",B&K GmbH & Co. KG - BMW Vertragshändler,61476,Kronberg,Frankfurter Str. 40-42,+49 (0)6173 782920042,4.6,50,07.04.2020
"BMW 118i Advantage Paket,18""LM,MFL,PDC,FreisprechUSB",16.950 €,Unfallfrei,Limousine,,"ca. 5,1 l/100km (kombiniert)
ca. 6,3 l/100km (innerorts)
ca. 4,5 l/100km (außerorts)",28.807 km,1.499 cm³,100 kW (136 PS),Benzin,ca. 119 g/km (kombiniert),1,5,4/5,Automatik,Euro6,4 (Grün),03/2017,Neu,Klimaautomatik,,"Vorne, Hinten","Front-, Seiten- und weitere Airbags",Alpinweiss,Weiß,"Stoff, Schwarz",,,,,,,,,,,,,"ABS
Armlehne
Bordcomputer
Elektr. Fensterheber
Elektr. Seitenspiegel
Elektr. Wegfahrsperre
ESP
Freisprecheinrichtung
Garantie
Isofix
Leichtmetallfelgen
Lichtsensor
Multifunktionslenkrad
Nebelscheinwerfer
Nichtraucher-Fahrzeug
Notrufsystem
Regensensor
Reifendruckkontrolle
Scheckheftgepflegt
Servolenkung
Sitzheizung
Start/Stopp-Automatik
Tempomat
Traktionskontrolle
Tuner/Radio
Zentralverriegelung",B&K GmbH & Co. KG - BMW Vertragshändler,61476,Kronberg,Frankfurter Str. 40-42,+49 (0)6173 782998506,4.6,50,07.04.2020
"BMW M140i Glasdach,Navigation,LED,Alcantara,SAG Navi",31.750 €,Unfallfrei,Kleinwagen,Deutsche Ausführung,"ca. 7,1 l/100km (kombiniert)
ca. 9,4 l/100km (innerorts)
ca. 5,8 l/100km (außerorts)",26.861 km,2.998 cm³,250 kW (340 PS),Benzin,ca. 163 g/km (kombiniert),1,5,4/5,Automatik,Euro6,,05/2017,Neu,2-Zonen-Klimaautomatik,,Hinten,"Front-, Seiten- und weitere Airbags",Alpinweiss,Weiß,"Alcantara, Schwarz",,,,,,,,,,,,,"ABS
Abstandstempomat
Armlehne
Bluetooth
Bordcomputer
CD-Spieler
Elektr. Fensterheber
Elektr. Seitenspiegel
Elektr. Wegfahrsperre
ESP
Freisprecheinrichtung
Garantie
Innenspiegel autom. abblendend
Isofix
Lederlenkrad
LED-Scheinwerfer
Leichtmetallfelgen
Lichtsensor
Lordosenstütze
Multifunktionslenkrad
Navigationssystem
Nichtraucher-Fahrzeug
Notrufsystem
Panorama-Dach
Regensensor
Reifendruckkontrolle
Scheckheftgepflegt
Schiebedach
Servolenkung
Sitzheizung
Sportfahrwerk
Sportpaket
Sportsitze
Start/Stopp-Automatik
Tagfahrlicht
Traktionskontrolle
Tuner/Radio
USB
Volldigitales Kombiinstrument
Zentralverriegelung",B&K GmbH & Co. KG - BMW Vertragshändler,61476,Kronberg,Frankfurter Str. 40-42,+49 (0)6173 782998788,4.6,50,07.04.2020
"Volkswagen Golf Sportsvan 1.0 TSI JOIN AHK Navi Alu17"" Ansc",17.780 €,Unfallfrei,Limousine,Deutsche Ausführung,,17.984 km,999 cm³,81 kW (110 PS),Benzin,,1,5,4/5,Schaltgetriebe,Euro6,4 (Grün),06/2018,Neu,2-Zonen-Klimaautomatik,,"Vorne, Hinten, Kamera","Front-, Seiten- und weitere Airbags",Tungsten Silver Metallic,Silber Metallic,"Stoff, Schwarz",https://i.ebayimg.com/00/s/NDgwWDY0MA==/z/n~wAAOSwdaxeb8IL/$_57.jpg,https://i.ebayimg.com/00/s/NDgwWDY0MA==/z/RI8AAOSwROteZ9ky/$_57.jpg,https://i.ebayimg.com/00/s/NDgwWDY0MA==/z/gLkAAOSwUI5eZ9ky/$_57.jpg,https://i.ebayimg.com/00/s/NDgwWDQ4MA==/z/q0AAAOSw-B9eZ9lh/$_57.jpg,https://i.ebayimg.com/00/s/NDgwWDY0MA==/z/gbEAAOSwO6xeZ9ky/$_57.jpg,https://i.ebayimg.com/00/s/NDgwWDY0MA==/z/8IsAAOSwYcdeZ9ky/$_57.jpg,,,,,,,"ABS
Abstandswarner
Android Auto
Anhängerkupplung schwenkbar
Apple CarPlay
Armlehne
Beheizbare Frontscheibe
Bluetooth
Bordcomputer
CD-Spieler
Elektr. Fensterheber
Elektr. Seitenspiegel
Elektr. Wegfahrsperre
ESP
Fernlichtassistent
Freisprecheinrichtung
Garantie
Innenspiegel autom. abblendend
Isofix
Lederlenkrad
Leichtmetallfelgen
Lichtsensor
Lordosenstütze
Müdigkeitswarner
Multifunktionslenkrad
Musikstreaming integriert
Navigationssystem
Nebelscheinwerfer
Nichtraucher-Fahrzeug
Notbremsassistent
Regensensor
Reifendruckkontrolle
Scheckheftgepflegt
Scheinwerferreinigung
Servolenkung
Sitzheizung
Start/Stopp-Automatik
Tagfahrlicht
Touchscreen
Traktionskontrolle
Tuner/Radio
USB
WLAN / Wifi Hotspot
Zentralverriegelung",Volkswagen Automobile Frankfurt GmbH Niederlassung Hanau,63452,Hanau,Donaustrasse 32,+49 (0)6181 90095555,4.8,45,07.04.2020
Audi A3 Cabriolet 1.4 TFSI cod S tronic 110kW*Xenon*C,23.990 €,Unfallfrei,Cabrio / Roadster,Deutsche Ausführung,"ca. 4,9 l/100km (kombiniert)
ca. 6,1 l/100km (innerorts)
ca. 4,3 l/100km (außerorts)",57.267 km,1.395 cm³,110 kW (150 PS),Benzin,ca. 114 g/km (kombiniert),1,4,2/3,Automatik,Euro6,4 (Grün),03/2017,02/2022,Klimaautomatik,2017,"Vorne, Hinten",Front- und Seiten-Airbags,Brillantschwarz,Schwarz,"Stoff, Schwarz",https://i.ebayimg.com/00/s/Mzc1WDcyMA==/z/opUAAOSwerZdhXF-/$_57.jpg,,,,,,,,,,,,"ABS
Allwetterreifen
Android Auto
Apple CarPlay
Armlehne
Berganfahrassistent
Bi-Xenon Scheinwerfer
Bluetooth
Bordcomputer
CD-Spieler
Elektr. Fensterheber
Elektr. Seitenspiegel
Elektr. Wegfahrsperre
ESP
Freisprecheinrichtung
Garantie
Geschwindigkeitsbegrenzer
Innenspiegel autom. abblendend
Isofix
Lederlenkrad
LED-Tagfahrlicht
Leichtmetallfelgen
Lichtsensor
Multifunktionslenkrad
Musikstreaming integriert
Nebelscheinwerfer
Nichtraucher-Fahrzeug
Pannenkit
Regensensor
Reifendruckkontrolle
Scheckheftgepflegt
Servolenkung
Sitzheizung
Start/Stopp-Automatik
Traktionskontrolle
Tuner/Radio
Umklappbarer Beifahrersitz
USB
Zentralverriegelung",Audi Zentrum Hofheim Göthling & Kaufmann Automobile GmbH,65719,Hofheim,Niederhofheimer Str. 59,+49 (0)6192 9399702,4.2,85,07.04.2020
